,sin,cos
0,0.0,10.0
1,0.6279051952931337,9.980267284282716
2,1.2533323356430426,9.921147013144779
3,1.8738131458572462,9.822872507286887
4,2.486898871648548,9.68583161128631
5,3.090169943749474,9.510565162951535
6,3.6812455268467796,9.297764858882513
7,4.257792915650727,9.048270524660195
8,4.817536741017153,8.763066800438637
9,5.358267949789966,8.443279255020151
10,5.877852522924732,8.090169943749475
11,6.3742398974868975,7.705132427757891
12,6.845471059286887,7.289686274214116
13,7.289686274214116,6.845471059286886
14,7.705132427757892,6.374239897486897
15,8.090169943749475,5.87785252292473
16,8.443279255020151,5.3582679497899655
17,8.763066800438637,4.817536741017151
18,9.048270524660197,4.257792915650727
19,9.297764858882514,3.6812455268467787
20,9.510565162951535,3.0901699437494745
21,9.68583161128631,2.486898871648547
22,9.822872507286887,1.8738131458572451
23,9.921147013144779,1.2533323356430426
24,9.980267284282716,0.627905195293133
25,10.0,-1.6081226496766366e-15
26,9.980267284282716,-0.627905195293134
27,9.921147013144777,-1.2533323356430437
28,9.822872507286887,-1.8738131458572482
29,9.68583161128631,-2.4868988716485485
30,9.510565162951535,-3.0901699437494754
31,9.297764858882514,-3.6812455268467796
32,9.048270524660195,-4.257792915650727
33,8.763066800438635,-4.817536741017154
34,8.44327925502015,-5.358267949789969
35,8.090169943749475,-5.87785252292473
36,7.705132427757892,-6.3742398974868975
37,7.289686274214114,-6.845471059286887
38,6.845471059286885,-7.289686274214117
39,6.374239897486895,-7.705132427757894
40,5.877852522924733,-8.090169943749473
41,5.358267949789966,-8.443279255020151
42,4.817536741017152,-8.763066800438637
43,4.257792915650725,-9.048270524660197
44,3.6812455268467774,-9.297764858882514
45,3.090169943749471,-9.510565162951536
46,2.486898871648548,-9.68583161128631
47,1.8738131458572458,-9.822872507286887
48,1.2533323356430408,-9.921147013144779
49,0.6279051952931314,-9.980267284282716
50,-3.216245299353273e-15,-10.0
51,-0.6279051952931335,-9.980267284282716
52,-1.2533323356430428,-9.921147013144779
53,-1.8738131458572478,-9.822872507286887
54,-2.4868988716485503,-9.68583161128631
55,-3.090169943749477,-9.510565162951535
56,-3.681245526846783,-9.297764858882513
57,-4.257792915650727,-9.048270524660195
58,-4.817536741017154,-8.763066800438637
59,-5.358267949789967,-8.44327925502015
60,-5.877852522924734,-8.090169943749473
61,-6.3742398974869,-7.70513242775789
62,-6.845471059286887,-7.289686274214116
63,-7.289686274214116,-6.845471059286886
64,-7.705132427757894,-6.374239897486895
65,-8.090169943749473,-5.877852522924733
66,-8.443279255020153,-5.358267949789964
67,-8.763066800438637,-4.817536741017153
68,-9.048270524660198,-4.257792915650722
69,-9.297764858882514,-3.6812455268467783
70,-9.510565162951535,-3.0901699437494754
71,-9.685831611286313,-2.4868988716485445
72,-9.822872507286887,-1.8738131458572462
73,-9.921147013144779,-1.2533323356430373
74,-9.980267284282716,-0.627905195293132
75,-10.0,-1.8369701987210296e-15
76,-9.980267284282716,0.6279051952931372
77,-9.921147013144779,1.2533323356430424
78,-9.822872507286887,1.8738131458572513
79,-9.68583161128631,2.4868988716485494
80,-9.510565162951536,3.0901699437494723
81,-9.297764858882513,3.6812455268467827
82,-9.048270524660197,4.257792915650726
83,-8.763066800438633,4.8175367410171575
84,-8.44327925502015,5.358267949789967
85,-8.09016994374947,5.877852522924737
86,-7.70513242775789,6.3742398974869
87,-7.289686274214116,6.845471059286886
88,-6.845471059286883,7.289686274214119
89,-6.374239897486897,7.705132427757894
90,-5.877852522924726,8.090169943749478
91,-5.358267949789964,8.443279255020151
92,-4.817536741017153,8.763066800438637
93,-4.257792915650722,9.048270524660197
94,-3.6812455268467787,9.297764858882514
95,-3.090169943749468,9.510565162951538
96,-2.486898871648545,9.685831611286313
97,-1.873813145857247,9.822872507286887
98,-1.253332335643038,9.921147013144779
99,-0.6279051952931326,9.980267284282716
100,6.432490598706546e-15,10.0
101,0.6279051952931367,9.980267284282716
102,1.2533323356430417,9.921147013144779
103,1.8738131458572507,9.822872507286887
104,2.486898871648549,9.68583161128631
105,3.09016994374948,9.510565162951535
106,3.681245526846782,9.297764858882513
107,4.257792915650725,9.048270524660197
108,4.817536741017157,8.763066800438633
109,5.358267949789966,8.443279255020151
110,5.877852522924735,8.090169943749471
111,6.3742398974869,7.70513242775789
112,6.845471059286893,7.28968627421411
113,7.289686274214119,6.845471059286884
114,7.705132427757892,6.374239897486897
115,8.090169943749478,5.8778525229247265
116,8.443279255020151,5.358267949789965
117,8.76306680043864,4.817536741017146
118,9.048270524660197,4.257792915650723
119,9.297764858882514,3.681245526846779
120,9.510565162951538,3.0901699437494683
121,9.685831611286313,2.486898871648546
122,9.822872507286888,1.873813145857239
123,9.921147013144779,1.2533323356430384
124,9.980267284282716,0.6279051952931332
125,10.0,-5.82016719913287e-15
126,9.980267284282716,-0.6279051952931359
127,9.921147013144777,-1.2533323356430501
128,9.822872507286887,-1.8738131458572502
129,9.68583161128631,-2.486898871648548
130,9.510565162951536,-3.090169943749471
131,9.29776485888251,-3.68124552684679
132,9.048270524660193,-4.257792915650733
133,8.763066800438633,-4.817536741017156
134,8.443279255020151,-5.358267949789966
135,8.090169943749476,-5.877852522924729
136,7.705132427757886,-6.3742398974869054
137,7.28968627421411,-6.845471059286892
138,6.845471059286884,-7.289686274214118
139,6.3742398974868975,-7.705132427757892
140,5.877852522924734,-8.090169943749473
141,5.358267949789957,-8.443279255020157
142,4.817536741017147,-8.76306680043864
143,4.2577929156507235,-9.048270524660197
144,3.6812455268467796,-9.297764858882514
145,3.090169943749478,-9.510565162951535
146,2.486898871648538,-9.685831611286314
147,1.8738131458572393,-9.822872507286888
148,1.253332335643039,-9.921147013144779
149,0.6279051952931338,-9.980267284282716
150,3.673940397442059e-15,-10.0
151,-0.6279051952931443,-9.980267284282714
152,-1.2533323356430492,-9.921147013144777
153,-1.8738131458572496,-9.822872507286887
154,-2.4868988716485476,-9.68583161128631
155,-3.0901699437494705,-9.510565162951536
156,-3.681245526846789,-9.29776485888251
157,-4.257792915650732,-9.048270524660193
158,-4.817536741017156,-8.763066800438635
159,-5.3582679497899655,-8.443279255020151
160,-5.877852522924728,-8.090169943749476
161,-6.3742398974869054,-7.705132427757886
162,-6.845471059286892,-7.28968627421411
163,-7.289686274214118,-6.845471059286884
164,-7.705132427757891,-6.3742398974868975
165,-8.090169943749482,-5.87785252292472
166,-8.443279255020157,-5.3582679497899575
167,-8.76306680043864,-4.817536741017147
168,-9.048270524660197,-4.2577929156507235
169,-9.297764858882513,-3.68124552684678
170,-9.51056516295154,-3.090169943749461
171,-9.685831611286314,-2.4868988716485383
172,-9.822872507286888,-1.8738131458572398
173,-9.921147013144779,-1.2533323356430395
174,-9.980267284282716,-0.6279051952931345
175,-10.0,1.3477304596986768e-14
176,-9.980267284282714,0.6279051952931436
177,-9.921147013144777,1.2533323356430488
178,-9.822872507286887,1.8738131458572491
179,-9.685831611286313,2.486898871648547
180,-9.510565162951533,3.090169943749487
181,-9.29776485888251,3.6812455268467885
182,-9.048270524660193,4.257792915650732
183,-8.763066800438635,4.817536741017155
184,-8.443279255020151,5.3582679497899655
185,-8.090169943749467,5.8778525229247425
186,-7.705132427757886,6.374239897486904
187,-7.289686274214111,6.845471059286891
188,-6.845471059286885,7.289686274214117
189,-6.3742398974868975,7.705132427757891
190,-5.87785252292472,8.090169943749482
191,-5.3582679497899575,8.443279255020157
192,-4.817536741017148,8.76306680043864
193,-4.257792915650724,9.048270524660197
194,-3.681245526846781,9.297764858882513
195,-3.0901699437494616,9.51056516295154
196,-2.4868988716485387,9.685831611286314
197,-1.8738131458572405,9.822872507286888
198,-1.2533323356430401,9.921147013144779
199,-0.6279051952931352,9.980267284282716
200,1.2864981197413092e-14,10.0
201,0.627905195293143,9.980267284282716
202,1.2533323356430481,9.921147013144777
203,1.8738131458572485,9.822872507286887
204,2.4868988716485467,9.685831611286313
205,3.090169943749486,9.510565162951533
206,3.681245526846788,9.29776485888251
207,4.2577929156507315,9.048270524660193
208,4.817536741017154,8.763066800438635
209,5.358267949789965,8.443279255020151
210,5.877852522924742,8.090169943749467
211,6.374239897486904,7.705132427757887
212,6.845471059286891,7.289686274214111
213,7.289686274214117,6.845471059286885
214,7.705132427757891,6.374239897486898
215,8.090169943749482,5.877852522924721
216,8.443279255020155,5.358267949789958
217,8.763066800438638,4.817536741017149
218,9.048270524660197,4.257792915650725
219,9.297764858882513,3.6812455268467814
220,9.51056516295154,3.090169943749462
221,9.685831611286313,2.486898871648539
222,9.822872507286888,1.8738131458572413
223,9.921147013144779,1.2533323356430408
224,9.980267284282716,0.627905195293118
225,10.0,-1.2252657797839415e-14
226,9.980267284282716,-0.6279051952931425
227,9.921147013144777,-1.2533323356430475
228,9.822872507286887,-1.8738131458572478
229,9.685831611286307,-2.486898871648563
230,9.510565162951533,-3.0901699437494856
231,9.29776485888251,-3.6812455268467876
232,9.048270524660193,-4.257792915650731
233,8.763066800438635,-4.817536741017154
234,8.443279255020142,-5.358267949789979
235,8.090169943749467,-5.877852522924742
236,7.705132427757887,-6.374239897486904
237,7.289686274214111,-6.84547105928689
238,6.845471059286886,-7.289686274214117
239,6.374239897486885,-7.705132427757903
240,5.877852522924721,-8.090169943749482
241,5.358267949789958,-8.443279255020155
242,4.817536741017149,-8.763066800438638
243,4.257792915650725,-9.048270524660197
244,3.6812455268467654,-9.29776485888252
245,3.090169943749463,-9.51056516295154
246,2.48689887164854,-9.685831611286313
247,1.8738131458572418,-9.822872507286887
248,1.2533323356430415,-9.921147013144779
249,0.6279051952931186,-9.980267284282716
250,-1.164033439826574e-14,-10.0
251,-0.6279051952931418,-9.980267284282716
252,-1.253332335643047,-9.921147013144777
253,-1.8738131458572471,-9.822872507286887
254,-2.4868988716485623,-9.685831611286307
255,-3.090169943749485,-9.510565162951533
256,-3.681245526846787,-9.29776485888251
257,-4.257792915650731,-9.048270524660193
258,-4.817536741017153,-8.763066800438637
259,-5.358267949789964,-8.443279255020151
260,-5.877852522924726,-8.090169943749478
261,-6.374239897486918,-7.705132427757876
262,-6.845471059286902,-7.2896862742141
263,-7.2896862742141275,-6.845471059286873
264,-7.705132427757901,-6.374239897486885
265,-8.090169943749482,-5.877852522924723
266,-8.443279255020155,-5.35826794978996
267,-8.763066800438638,-4.8175367410171495
268,-9.048270524660197,-4.257792915650726
269,-9.297764858882513,-3.6812455268467827
270,-9.510565162951535,-3.0901699437494807
271,-9.685831611286318,-2.486898871648523
272,-9.82287250728689,-1.873813145857225
273,-9.92114701314478,-1.2533323356430246
274,-9.980267284282716,-0.6279051952931192
275,-10.0,1.1028010998692062e-14
276,-9.980267284282716,0.6279051952931413
277,-9.921147013144777,1.2533323356430461
278,-9.822872507286887,1.8738131458572465
279,-9.685831611286313,2.4868988716485445
280,-9.510565162951538,3.090169943749468
281,-9.297764858882505,3.681245526846803
282,-9.048270524660186,4.257792915650746
283,-8.763066800438628,4.817536741017168
284,-8.443279255020142,5.358267949789979
285,-8.090169943749467,5.877852522924741
286,-7.7051324277578885,6.374239897486903
287,-7.289686274214113,6.84547105928689
288,-6.845471059286886,7.289686274214116
289,-6.3742398974869,7.70513242775789
290,-5.877852522924737,8.09016994374947
291,-5.358267949789946,8.443279255020164
292,-4.817536741017134,8.763066800438645
293,-4.25779291565071,9.048270524660202
294,-3.6812455268467663,9.29776485888252
295,-3.090169943749464,9.510565162951538
296,-2.486898871648541,9.685831611286313
297,-1.873813145857243,9.822872507286887
298,-1.2533323356430426,9.921147013144779
299,-0.6279051952931375,9.980267284282716
300,-7.347880794884118e-15,10.0
301,0.6279051952931582,9.980267284282714
302,1.2533323356430635,9.921147013144775
303,1.8738131458572636,9.822872507286885
304,2.4868988716485614,9.685831611286307
305,3.090169943749484,9.510565162951533
306,3.681245526846786,9.29776485888251
307,4.25779291565073,9.048270524660193
308,4.817536741017152,8.763066800438637
309,5.358267949789964,8.443279255020153
310,5.877852522924725,8.09016994374948
311,6.374239897486916,7.705132427757877
312,6.8454710592869015,7.289686274214101
313,7.289686274214127,6.845471059286874
314,7.705132427757901,6.374239897486886
315,8.09016994374948,5.877852522924724
316,8.443279255020155,5.358267949789961
317,8.763066800438637,4.81753674101715
318,9.048270524660195,4.257792915650727
319,9.297764858882513,3.6812455268467836
320,9.510565162951533,3.0901699437494816
321,9.685831611286318,2.4868988716485245
322,9.82287250728689,1.873813145857226
323,9.92114701314478,1.2533323356430257
324,9.980267284282716,0.6279051952931204
325,10.0,-9.803364199544707e-15
326,9.980267284282716,-0.62790519529314
327,9.921147013144777,-1.253332335643045
328,9.822872507286887,-1.8738131458572456
329,9.685831611286313,-2.4868988716485436
330,9.510565162951528,-3.0901699437495007
331,9.297764858882505,-3.681245526846802
332,9.048270524660186,-4.257792915650745
333,8.763066800438628,-4.817536741017168
334,8.443279255020144,-5.358267949789978
335,8.09016994374947,-5.877852522924739
336,7.7051324277578885,-6.374239897486902
337,7.289686274214113,-6.845471059286888
338,6.845471059286887,-7.289686274214114
339,6.374239897486901,-7.705132427757889
340,5.877852522924709,-8.09016994374949
341,5.358267949789947,-8.443279255020164
342,4.817536741017135,-8.763066800438645
343,4.257792915650712,-9.048270524660202
344,3.6812455268467676,-9.29776485888252
345,3.0901699437494656,-9.510565162951538
346,2.4868988716485423,-9.685831611286313
347,1.873813145857244,-9.822872507286887
348,1.253332335643044,-9.921147013144777
349,0.6279051952931387,-9.980267284282716
350,-2.6954609193973536e-14,-10.0
351,-0.627905195293157,-9.980267284282714
352,-1.2533323356430621,-9.921147013144775
353,-1.873813145857262,-9.822872507286885
354,-2.48689887164856,-9.685831611286309
355,-3.090169943749483,-9.510565162951533
356,-3.6812455268467845,-9.297764858882513
357,-4.257792915650728,-9.048270524660195
358,-4.817536741017151,-8.763066800438637
359,-5.358267949789962,-8.443279255020155
360,-5.877852522924752,-8.090169943749459
361,-6.374239897486915,-7.705132427757877
362,-6.845471059286901,-7.289686274214102
363,-7.289686274214127,-6.845471059286875
364,-7.7051324277579,-6.374239897486888
365,-8.09016994374948,-5.877852522924725
366,-8.443279255020155,-5.358267949789962
367,-8.763066800438637,-4.817536741017151
368,-9.048270524660195,-4.257792915650728
369,-9.297764858882513,-3.6812455268467845
370,-9.510565162951544,-3.0901699437494488
371,-9.685831611286318,-2.486898871648526
372,-9.82287250728689,-1.8738131458572274
373,-9.921147013144779,-1.2533323356430268
374,-9.980267284282716,-0.6279051952931216
375,-10.0,8.578717400397356e-15
376,-9.980267284282716,0.6279051952931387
377,-9.921147013144777,1.253332335643044
378,-9.822872507286887,1.873813145857244
379,-9.685831611286313,2.4868988716485423
380,-9.510565162951528,3.090169943749499
381,-9.297764858882505,3.681245526846801
382,-9.048270524660186,4.257792915650744
383,-8.763066800438628,4.817536741017166
384,-8.443279255020144,5.358267949789976
385,-8.09016994374947,5.877852522924738
386,-7.705132427757889,6.374239897486901
387,-7.289686274214114,6.845471059286887
388,-6.845471059286888,7.289686274214113
389,-6.374239897486874,7.705132427757912
390,-5.8778525229247105,8.09016994374949
391,-5.358267949789948,8.443279255020164
392,-4.817536741017136,8.763066800438645
393,-4.257792915650713,9.048270524660202
394,-3.6812455268467685,9.297764858882518
395,-3.0901699437494665,9.510565162951538
396,-2.4868988716485436,9.685831611286313
397,-1.8738131458572456,9.822872507286887
398,-1.253332335643045,9.921147013144777
399,-0.6279051952931045,9.980267284282718
400,2.5729962394826185e-14,10.0
401,0.6279051952931558,9.980267284282714
402,1.2533323356430608,9.921147013144775
403,1.873813145857261,9.822872507286885
404,2.486898871648559,9.685831611286309
405,3.0901699437494816,9.510565162951533
406,3.6812455268467836,9.297764858882513
407,4.257792915650727,9.048270524660195
408,4.81753674101715,8.763066800438637
409,5.358267949789991,8.443279255020135
410,5.877852522924751,8.090169943749459
411,6.374239897486914,7.705132427757878
412,6.8454710592869,7.289686274214102
413,7.289686274214126,6.845471059286876
414,7.705132427757899,6.374239897486889
415,8.09016994374948,5.877852522924725
416,8.443279255020153,5.358267949789964
417,8.763066800438637,4.817536741017152
418,9.048270524660193,4.25779291565073
419,9.297764858882525,3.6812455268467525
420,9.510565162951544,3.09016994374945
421,9.685831611286316,2.4868988716485267
422,9.82287250728689,1.8738131458572285
423,9.921147013144779,1.2533323356430282
424,9.980267284282716,0.6279051952931229
425,10.0,-7.354070601250003e-15
426,9.980267284282716,-0.6279051952931375
427,9.921147013144779,-1.2533323356430426
428,9.822872507286887,-1.873813145857243
429,9.685831611286304,-2.4868988716485756
430,9.510565162951528,-3.0901699437494976
431,9.297764858882505,-3.6812455268467996
432,9.048270524660188,-4.257792915650743
433,8.76306680043863,-4.8175367410171654
434,8.443279255020146,-5.358267949789975
435,8.09016994374947,-5.877852522924737
436,7.70513242775789,-6.3742398974869
437,7.289686274214116,-6.845471059286887
438,6.84547105928689,-7.289686274214113
439,6.374239897486875,-7.70513242775791
440,5.877852522924711,-8.090169943749489
441,5.358267949789949,-8.443279255020162
442,4.817536741017137,-8.763066800438645
443,4.257792915650714,-9.048270524660202
444,3.68124552684677,-9.297764858882518
445,3.090169943749468,-9.510565162951538
446,2.4868988716485445,-9.685831611286313
447,1.8738131458572465,-9.822872507286887
448,1.253332335643011,-9.921147013144783
449,0.6279051952931057,-9.980267284282718
450,-2.450531559567883e-14,-10.0
451,-0.6279051952931547,-9.980267284282714
452,-1.25333233564306,-9.921147013144777
453,-1.8738131458572598,-9.822872507286885
454,-2.486898871648558,-9.685831611286309
455,-3.0901699437494807,-9.510565162951535
456,-3.6812455268467827,-9.297764858882513
457,-4.257792915650726,-9.048270524660197
458,-4.8175367410171805,-8.76306680043862
459,-5.35826794978999,-8.443279255020137
460,-5.877852522924751,-8.09016994374946
461,-6.3742398974869126,-7.70513242775788
462,-6.8454710592869,-7.2896862742141035
463,-7.289686274214125,-6.845471059286876
464,-7.705132427757898,-6.3742398974868895
465,-8.090169943749478,-5.877852522924726
466,-8.443279255020151,-5.358267949789964
467,-8.763066800438637,-4.817536741017153
468,-9.048270524660209,-4.257792915650699
469,-9.297764858882525,-3.6812455268467534
470,-9.510565162951544,-3.0901699437494514
471,-9.685831611286316,-2.486898871648528
472,-9.82287250728689,-1.8738131458572296
473,-9.921147013144779,-1.2533323356430293
474,-9.980267284282716,-0.627905195293124
475,-10.0,6.12942380210265e-15
476,-9.980267284282716,0.6279051952931364
477,-9.921147013144779,1.2533323356430415
478,-9.822872507286881,1.8738131458572767
479,-9.685831611286304,2.4868988716485743
480,-9.51056516295153,3.0901699437494967
481,-9.297764858882507,3.6812455268467987
482,-9.048270524660188,4.257792915650741
483,-8.76306680043863,4.817536741017165
484,-8.443279255020146,5.358267949789974
485,-8.090169943749471,5.877852522924735
486,-7.705132427757891,6.374239897486898
487,-7.289686274214117,6.845471059286886
488,-6.845471059286864,7.289686274214136
489,-6.374239897486876,7.705132427757909
490,-5.877852522924712,8.090169943749487
491,-5.358267949789949,8.443279255020162
492,-4.817536741017138,8.763066800438644
493,-4.257792915650715,9.048270524660202
494,-3.6812455268467708,9.297764858882518
495,-3.090169943749469,9.510565162951538
496,-2.486898871648546,9.685831611286313
497,-1.8738131458572478,9.822872507286887
498,-1.2533323356430124,9.921147013144783
499,-0.627905195293107,9.980267284282718
500,2.328066879653148e-14,10.0
501,0.6279051952931535,9.980267284282714
502,1.2533323356430583,9.921147013144777
503,1.8738131458572584,9.822872507286885
504,2.4868988716485565,9.685831611286309
505,3.0901699437494794,9.510565162951535
506,3.6812455268467814,9.297764858882513
507,4.257792915650725,9.048270524660197
508,4.81753674101718,8.763066800438622
509,5.3582679497899885,8.443279255020137
510,5.8778525229247505,8.090169943749462
511,6.374239897486885,7.705132427757903
512,6.845471059286899,7.289686274214104
513,7.289686274214148,6.845471059286852
514,7.705132427757898,6.374239897486891
515,8.090169943749498,5.877852522924698
516,8.443279255020151,5.358267949789965
517,8.763066800438652,4.817536741017124
518,9.048270524660193,4.2577929156507315
519,9.297764858882523,3.681245526846755
520,9.510565162951533,3.090169943749486
521,9.685831611286316,2.4868988716485294
522,9.822872507286895,1.873813145857196
523,9.921147013144779,1.2533323356430304
524,9.98026728428272,0.6279051952930899
525,10.0,-4.904777002955297e-15
526,9.980267284282714,-0.6279051952931705
527,9.921147013144779,-1.2533323356430401
528,9.822872507286881,-1.8738131458572753
529,9.685831611286314,-2.4868988716485387
530,9.51056516295153,-3.090169943749496
531,9.29776485888252,-3.681245526846764
532,9.04827052466019,-4.25779291565074
533,8.763066800438612,-4.817536741017195
534,8.443279255020146,-5.3582679497899734
535,8.09016994374945,-5.877852522924764
536,7.705132427757891,-6.3742398974868975
537,7.289686274214092,-6.84547105928691
538,6.845471059286891,-7.289686274214111
539,6.374239897486877,-7.705132427757909
540,5.8778525229247425,-8.090169943749467
541,5.3582679497899495,-8.44327925502016
542,4.817536741017109,-8.76306680043866
543,4.257792915650716,-9.0482705246602
544,3.6812455268467392,-9.29776485888253
545,3.09016994374947,-9.510565162951538
546,2.4868988716485125,-9.685831611286321
547,1.8738131458572491,-9.822872507286887
548,1.2533323356430135,-9.921147013144783
549,0.6279051952931436,-9.980267284282714
550,-2.2056021997384124e-14,-10.0
551,-0.6279051952931168,-9.980267284282716
552,-1.2533323356430572,-9.921147013144777
553,-1.8738131458572924,-9.822872507286878
554,-2.4868988716485556,-9.685831611286309
555,-3.0901699437495123,-9.510565162951522
556,-3.68124552684678,-9.297764858882513
557,-4.257792915650756,-9.04827052466018
558,-4.817536741017147,-8.76306680043864
559,-5.358267949789988,-8.443279255020137
560,-5.87785252292472,-8.090169943749482
561,-6.374239897486911,-7.7051324277578805
562,-6.845471059286923,-7.289686274214081
563,-7.289686274214123,-6.845471059286878
564,-7.705132427757919,-6.374239897486865
565,-8.090169943749476,-5.877852522924728
566,-8.443279255020169,-5.358267949789935
567,-8.763066800438635,-4.817536741017156
568,-9.048270524660207,-4.2577929156507
569,-9.29776485888251,-3.681245526846789
570,-9.510565162951542,-3.090169943749454
571,-9.685831611286307,-2.486898871648565
572,-9.82287250728689,-1.8738131458572322
573,-9.921147013144784,-1.2533323356429964
574,-9.980267284282716,-0.6279051952931265
575,-10.0,3.920726699181296e-14
576,-9.980267284282716,0.6279051952931338
577,-9.921147013144774,1.2533323356430741
578,-9.822872507286888,1.8738131458572393
579,-9.685831611286305,2.486898871648572
580,-9.51056516295154,3.0901699437494607
581,-9.297764858882507,3.681245526846796
582,-9.048270524660175,4.2577929156507714
583,-8.763066800438631,4.817536741017162
584,-8.443279255020128,5.358267949790002
585,-8.090169943749473,5.877852522924734
586,-7.705132427757871,6.374239897486924
587,-7.289686274214118,6.845471059286884
588,-6.845471059286866,7.289686274214135
589,-6.3742398974869054,7.705132427757886
590,-5.877852522924714,8.090169943749487
591,-5.358267949789921,8.44327925502018
592,-4.817536741017141,8.763066800438642
593,-4.257792915650685,9.048270524660214
594,-3.681245526846773,9.297764858882516
595,-3.090169943749437,9.510565162951547
596,-2.486898871648548,9.68583161128631
597,-1.8738131458572151,9.822872507286892
598,-1.2533323356430497,9.921147013144777
599,-0.6279051952931094,9.980267284282716
600,-1.4695761589768237e-14,10.0
601,0.6279051952931509,9.980267284282714
602,1.2533323356430912,9.921147013144772
603,1.8738131458572562,9.822872507286885
604,2.4868988716485885,9.6858316112863
605,3.090169943749477,9.510565162951535
606,3.681245526846812,9.297764858882502
607,4.257792915650723,9.048270524660197
608,4.817536741017177,8.763066800438622
609,5.358267949789957,8.443279255020157
610,5.877852522924748,8.090169943749462
611,6.374239897486937,7.705132427757859
612,6.845471059286896,7.289686274214105
613,7.289686274214146,6.845471059286854
614,7.705132427757896,6.374239897486892
615,8.090169943749498,5.8778525229247
616,8.443279255020151,5.358267949789966
617,8.76306680043865,4.8175367410171255
618,9.048270524660193,4.257792915650734
619,9.297764858882523,3.6812455268467574
620,9.510565162951531,3.0901699437494887
621,9.685831611286314,2.4868988716485316
622,9.822872507286895,1.8738131458571985
623,9.921147013144779,1.2533323356430328
624,9.980267284282718,0.6279051952930923
625,10.0,-2.45548340466059e-15
626,9.980267284282714,-0.6279051952931681
627,9.921147013144779,-1.253332335643038
628,9.822872507286881,-1.873813145857273
629,9.685831611286314,-2.4868988716485365
630,9.51056516295153,-3.090169943749493
631,9.297764858882495,-3.681245526846828
632,9.04827052466019,-4.257792915650739
633,8.763066800438613,-4.817536741017192
634,8.443279255020148,-5.358267949789971
635,8.090169943749451,-5.877852522924761
636,7.705132427757894,-6.374239897486897
637,7.289686274214095,-6.8454710592869095
638,6.845471059286893,-7.289686274214109
639,6.374239897486879,-7.705132427757907
640,5.877852522924743,-8.090169943749466
641,5.358267949789952,-8.44327925502016
642,4.81753674101711,-8.76306680043866
643,4.257792915650718,-9.048270524660198
644,3.6812455268467414,-9.297764858882529
645,3.0901699437494723,-9.510565162951536
646,2.4868988716485148,-9.68583161128632
647,1.8738131458572513,-9.822872507286887
648,1.253332335643016,-9.921147013144783
649,0.627905195293146,-9.980267284282714
650,-1.9606728399089415e-14,-10.0
651,-0.6279051952931852,-9.980267284282712
652,-1.2533323356430548,-9.921147013144777
653,-1.87381314585729,-9.822872507286878
654,-2.486898871648553,-9.685831611286309
655,-3.0901699437495096,-9.510565162951524
656,-3.6812455268467783,-9.297764858882514
657,-4.257792915650754,-9.048270524660182
658,-4.817536741017145,-8.76306680043864
659,-5.358267949789985,-8.443279255020139
660,-5.877852522924776,-8.090169943749443
661,-6.37423989748691,-7.705132427757882
662,-6.845471059286922,-7.289686274214082
663,-7.289686274214121,-6.845471059286881
664,-7.705132427757918,-6.374239897486866
665,-8.090169943749475,-5.87785252292473
666,-8.443279255020169,-5.358267949789938
667,-8.763066800438633,-4.8175367410171575
668,-9.048270524660207,-4.257792915650703
669,-9.297764858882509,-3.6812455268467916
670,-9.510565162951542,-3.0901699437494563
671,-9.685831611286325,-2.4868988716484983
672,-9.82287250728689,-1.8738131458572347
673,-9.921147013144784,-1.253332335642999
674,-9.980267284282716,-0.627905195293129
675,-10.0,3.6757973393518244e-14
676,-9.980267284282716,0.6279051952931314
677,-9.921147013144774,1.2533323356430717
678,-9.822872507286888,1.873813145857237
679,-9.685831611286305,2.4868988716485694
680,-9.510565162951519,3.090169943749526
681,-9.297764858882507,3.6812455268467934
682,-9.048270524660175,4.25779291565077
683,-8.763066800438633,4.81753674101716
684,-8.44327925502013,5.35826794979
685,-8.090169943749473,5.877852522924733
686,-7.705132427757872,6.374239897486921
687,-7.2896862742141195,6.845471059286882
688,-6.845471059286867,7.289686274214134
689,-6.374239897486907,7.705132427757883
690,-5.877852522924716,8.090169943749485
691,-5.358267949789923,8.443279255020178
692,-4.817536741017142,8.763066800438642
693,-4.257792915650687,9.048270524660214
694,-3.6812455268467756,9.297764858882516
695,-3.0901699437494394,9.510565162951547
696,-2.4868988716485507,9.68583161128631
697,-1.8738131458572176,9.822872507286892
698,-1.2533323356430524,9.921147013144777
699,-0.6279051952931118,9.980267284282716
700,5.390921838794707e-14,10.0
701,0.6279051952931486,9.980267284282714
702,1.253332335643089,9.921147013144772
703,1.8738131458572538,9.822872507286885
704,2.4868988716485863,9.685831611286302
705,3.0901699437494745,9.510565162951535
706,3.68124552684681,9.297764858882502
707,4.257792915650721,9.048270524660198
708,4.817536741017175,8.763066800438624
709,5.358267949790014,8.44327925502012
710,5.877852522924746,8.090169943749464
711,6.374239897486936,7.70513242775786
712,6.8454710592868935,7.289686274214108
713,7.289686274214144,6.845471059286855
714,7.705132427757895,6.374239897486894
715,8.090169943749496,5.8778525229247025
716,8.443279255020148,5.358267949789969
717,8.763066800438649,4.817536741017127
718,9.048270524660191,4.257792915650736
719,9.297764858882523,3.6812455268467597
720,9.510565162951552,3.0901699437494234
721,9.685831611286314,2.486898871648534
722,9.822872507286895,1.8738131458572007
723,9.921147013144779,1.2533323356430355
724,9.980267284282718,0.6279051952930947
725,10.0,-6.189806365883577e-18
726,9.980267284282714,-0.6279051952931657
727,9.921147013144779,-1.2533323356430355
728,9.822872507286881,-1.8738131458572707
729,9.685831611286297,-2.486898871648603
730,9.51056516295153,-3.0901699437494914
731,9.297764858882495,-3.681245526846826
732,9.048270524660191,-4.257792915650736
733,8.763066800438615,-4.817536741017189
734,8.443279255020148,-5.358267949789969
735,8.090169943749453,-5.87785252292476
736,7.705132427757895,-6.374239897486894
737,7.2896862742140955,-6.845471059286908
738,6.8454710592868935,-7.289686274214108
739,6.374239897486881,-7.705132427757906
740,5.877852522924688,-8.090169943749505
741,5.358267949789955,-8.443279255020158
742,4.817536741017113,-8.763066800438658
743,4.257792915650721,-9.048270524660198
744,3.6812455268467437,-9.297764858882529
745,3.0901699437494745,-9.510565162951535
746,2.4868988716485174,-9.685831611286318
747,1.8738131458572538,-9.822872507286885
748,1.2533323356430184,-9.92114701314478
749,0.6279051952930776,-9.98026728428272
750,-1.7157434800794712e-14,-10.0
751,-0.6279051952931827,-9.980267284282712
752,-1.2533323356430524,-9.921147013144777
753,-1.8738131458572878,-9.82287250728688
754,-2.4868988716485507,-9.68583161128631
755,-3.0901699437495074,-9.510565162951526
756,-3.6812455268467756,-9.297764858882516
757,-4.257792915650752,-9.048270524660184
758,-4.817536741017142,-8.763066800438642
759,-5.358267949789983,-8.44327925502014
760,-5.877852522924774,-8.090169943749444
761,-6.374239897486907,-7.705132427757883
762,-6.845471059286919,-7.289686274214084
763,-7.2896862742141195,-6.845471059286882
764,-7.705132427757917,-6.374239897486867
765,-8.090169943749473,-5.877852522924733
766,-8.443279255020167,-5.35826794978994
767,-8.763066800438633,-4.81753674101716
768,-9.048270524660206,-4.257792915650705
769,-9.297764858882534,-3.6812455268467277
770,-9.51056516295154,-3.0901699437494585
771,-9.685831611286323,-2.486898871648501
772,-9.822872507286888,-1.873813145857237
773,-9.921147013144783,-1.2533323356430013
774,-9.980267284282716,-0.6279051952931314
775,-10.0,3.430867979522354e-14
776,-9.980267284282716,0.627905195293129
777,-9.921147013144775,1.2533323356430695
778,-9.822872507286876,1.8738131458573042
779,-9.685831611286307,2.4868988716485676
780,-9.51056516295152,3.0901699437495234
781,-9.297764858882509,3.6812455268467916
782,-9.048270524660175,4.257792915650767
783,-8.763066800438633,4.8175367410171575
784,-8.44327925502013,5.358267949789997
785,-8.090169943749475,5.87785252292473
786,-7.7051324277578725,6.3742398974869205
787,-7.289686274214121,6.845471059286881
788,-6.8454710592868695,7.289686274214131
789,-6.374239897486854,7.705132427757928
790,-5.877852522924718,8.090169943749483
791,-5.3582679497899255,8.443279255020176
792,-4.817536741017145,8.76306680043864
793,-4.25779291565069,9.048270524660213
794,-3.6812455268467783,9.297764858882514
795,-3.0901699437494425,9.510565162951547
796,-2.486898871648553,9.685831611286309
797,-1.8738131458572203,9.822872507286892
798,-1.2533323356429844,9.921147013144786
799,-0.6279051952931143,9.980267284282716
800,5.145992478965237e-14,10.0
801,0.627905195293146,9.980267284282714
802,1.2533323356430865,9.921147013144774
803,1.8738131458572513,9.822872507286887
804,2.4868988716485836,9.685831611286302
805,3.0901699437494723,9.510565162951536
806,3.6812455268468076,9.297764858882504
807,4.257792915650718,9.048270524660198
808,4.8175367410171726,8.763066800438624
809,5.358267949790012,8.443279255020123
810,5.877852522924743,8.090169943749466
811,6.374239897486934,7.705132427757862
812,6.845471059286893,7.289686274214109
813,7.2896862742141435,6.845471059286857
814,7.705132427757894,6.374239897486897
815,8.090169943749494,5.877852522924705
816,8.443279255020148,5.358267949789971
817,8.763066800438647,4.81753674101713
818,9.04827052466022,4.257792915650674
819,9.297764858882521,3.681245526846762
820,9.510565162951552,3.0901699437494257
821,9.685831611286314,2.4868988716485365
822,9.822872507286895,1.8738131458572034
823,9.921147013144779,1.253332335643038
824,9.980267284282718,0.6279051952930972
825,10.0,2.443103791928823e-15
826,9.980267284282714,-0.6279051952931631
827,9.921147013144779,-1.2533323356430328
828,9.822872507286883,-1.8738131458572682
829,9.685831611286297,-2.4868988716486005
830,9.510565162951531,-3.0901699437494887
831,9.297764858882497,-3.6812455268468236
832,9.048270524660193,-4.257792915650734
833,8.763066800438617,-4.817536741017188
834,8.443279255020151,-5.358267949789966
835,8.090169943749455,-5.8778525229247585
836,7.705132427757896,-6.374239897486892
837,7.289686274214098,-6.845471059286905
838,6.8454710592868455,-7.289686274214154
839,6.374239897486883,-7.705132427757904
840,5.87785252292469,-8.090169943749505
841,5.358267949789957,-8.443279255020157
842,4.817536741017115,-8.763066800438658
843,4.257792915650723,-9.048270524660197
844,3.681245526846746,-9.297764858882529
845,3.090169943749477,-9.510565162951535
846,2.4868988716485196,-9.685831611286318
847,1.8738131458571863,-9.822872507286899
848,1.2533323356430206,-9.92114701314478
849,0.6279051952930801,-9.98026728428272
850,-1.4708141202500006e-14,-10.0
851,-0.6279051952931803,-9.980267284282712
852,-1.2533323356430501,-9.921147013144777
853,-1.873813145857285,-9.82287250728688
854,-2.486898871648548,-9.68583161128631
855,-3.090169943749505,-9.510565162951526
856,-3.681245526846773,-9.297764858882516
857,-4.257792915650749,-9.048270524660184
858,-4.817536741017203,-8.763066800438608
859,-5.358267949789981,-8.44327925502014
860,-5.877852522924771,-8.090169943749444
861,-6.3742398974869054,-7.705132427757886
862,-6.845471059286918,-7.289686274214086
863,-7.289686274214118,-6.845471059286884
864,-7.705132427757915,-6.37423989748687
865,-8.090169943749473,-5.877852522924734
866,-8.443279255020165,-5.358267949789942
867,-8.763066800438665,-4.8175367410171
868,-9.048270524660204,-4.2577929156507075
869,-9.297764858882534,-3.68124552684673
870,-9.51056516295154,-3.0901699437494607
871,-9.685831611286323,-2.486898871648503
872,-9.822872507286888,-1.8738131458572393
873,-9.921147013144783,-1.2533323356430037
874,-9.980267284282716,-0.6279051952931338
875,-10.0,3.185938619692883e-14
876,-9.980267284282716,0.6279051952931265
877,-9.921147013144775,1.253332335643067
878,-9.822872507286876,1.873813145857302
879,-9.685831611286307,2.486898871648565
880,-9.51056516295152,3.090169943749521
881,-9.29776485888251,3.681245526846789
882,-9.048270524660177,4.257792915650765
883,-8.763066800438635,4.817536741017156
884,-8.443279255020132,5.358267949789996
885,-8.090169943749476,5.877852522924728
886,-7.705132427757874,6.374239897486919
887,-7.289686274214074,6.845471059286931
888,-6.845471059286872,7.28968627421413
889,-6.374239897486857,7.705132427757926
890,-5.87785252292472,8.090169943749482
891,-5.358267949789928,8.443279255020176
892,-4.817536741017147,8.76306680043864
893,-4.2577929156506915,9.04827052466021
894,-3.68124552684678,9.297764858882513
895,-3.0901699437494443,9.510565162951545
896,-2.4868988716484868,9.685831611286327
897,-1.8738131458572225,9.822872507286892
898,-1.2533323356429869,9.921147013144786
899,-0.6279051952931167,9.980267284282716
900,4.901063119135766e-14,10.0
901,0.6279051952931436,9.980267284282714
902,1.2533323356430839,9.921147013144774
903,1.8738131458572491,9.822872507286887
904,2.4868988716485814,9.685831611286304
905,3.09016994374947,9.510565162951538
906,3.6812455268468054,9.297764858882504
907,4.25779291565078,9.04827052466017
908,4.817536741017171,8.763066800438626
909,5.35826794979001,8.443279255020123
910,5.8778525229247425,8.090169943749467
911,6.374239897486932,7.705132427757864
912,6.845471059286891,7.289686274214111
913,7.289686274214141,6.845471059286858
914,7.705132427757891,6.3742398974868975
915,8.090169943749492,5.877852522924706
916,8.443279255020183,5.358267949789913
917,8.763066800438647,4.817536741017133
918,9.04827052466022,4.257792915650676
919,9.29776485888252,3.681245526846764
920,9.51056516295155,3.090169943749428
921,9.685831611286314,2.4868988716485387
922,9.822872507286895,1.8738131458572058
923,9.921147013144779,1.2533323356430401
924,9.980267284282718,0.6279051952930996
925,10.0,4.892397390223529e-15
926,9.980267284282714,-0.6279051952931608
927,9.921147013144772,-1.2533323356431008
928,9.822872507286883,-1.8738131458572658
929,9.685831611286298,-2.4868988716485982
930,9.510565162951533,-3.090169943749486
931,9.297764858882498,-3.6812455268468214
932,9.048270524660193,-4.2577929156507315
933,8.763066800438619,-4.817536741017186
934,8.443279255020151,-5.358267949789965
935,8.090169943749457,-5.877852522924756
936,7.705132427757853,-6.374239897486945
937,7.2896862742141,-6.845471059286904
938,6.845471059286846,-7.289686274214153
939,6.374239897486885,-7.705132427757903
940,5.877852522924693,-8.090169943749503
941,5.358267949789958,-8.443279255020155
942,4.817536741017117,-8.763066800438656
943,4.257792915650725,-9.048270524660197
944,3.681245526846748,-9.297764858882527
945,3.0901699437494794,-9.510565162951535
946,2.4868988716485223,-9.685831611286318
947,1.8738131458571887,-9.822872507286899
948,1.253332335643023,-9.92114701314478
949,0.6279051952930825,-9.98026728428272
950,-1.22588476042053e-14,-10.0
951,-0.6279051952931779,-9.980267284282714
952,-1.2533323356430475,-9.921147013144777
953,-1.8738131458572826,-9.82287250728688
954,-2.486898871648546,-9.685831611286313
955,-3.090169943749503,-9.510565162951526
956,-3.681245526846837,-9.297764858882491
957,-4.2577929156507475,-9.048270524660186
958,-4.8175367410172,-8.76306680043861
959,-5.358267949789979,-8.443279255020142
960,-5.87785252292477,-8.090169943749446
961,-6.374239897486904,-7.705132427757887
962,-6.845471059286917,-7.2896862742140875
963,-7.289686274214117,-6.845471059286886
964,-7.705132427757913,-6.374239897486872
965,-8.090169943749512,-5.8778525229246785
966,-8.443279255020165,-5.358267949789944
967,-8.763066800438663,-4.817536741017102
968,-9.048270524660204,-4.257792915650709
969,-9.297764858882532,-3.6812455268467326
970,-9.51056516295154,-3.090169943749463
971,-9.685831611286321,-2.4868988716485054
972,-9.822872507286887,-1.8738131458572418
973,-9.921147013144783,-1.2533323356430062
974,-9.980267284282716,-0.6279051952931363
975,-10.0,2.941009259863413e-14
976,-9.980267284282712,0.6279051952931949
977,-9.921147013144775,1.2533323356430646
978,-9.822872507286876,1.8738131458572995
979,-9.685831611286307,2.4868988716485623
980,-9.51056516295152,3.090169943749519
981,-9.29776485888251,3.681245526846787
982,-9.048270524660179,4.257792915650763
983,-8.763066800438637,4.817536741017153
984,-8.443279255020133,5.358267949789994
985,-8.090169943749437,5.877852522924783
986,-7.705132427757876,6.374239897486918
987,-7.289686274214075,6.845471059286928
988,-6.845471059286873,7.2896862742141275
989,-6.374239897486858,7.705132427757925
990,-5.877852522924723,8.090169943749482
991,-5.35826794978993,8.443279255020174
992,-4.8175367410171495,8.763066800438638
993,-4.257792915650694,9.04827052466021
994,-3.6812455268467827,9.297764858882513
995,-3.090169943749447,9.510565162951544
996,-2.486898871648489,9.685831611286327
997,-1.873813145857225,9.82287250728689
998,-1.2533323356429893,9.921147013144786
999,-0.6279051952931192,9.980267284282716
1000,4.656133759306296e-14,10.0
1001,0.6279051952931413,9.980267284282716
1002,1.2533323356430814,9.921147013144774
1003,1.8738131458572465,9.822872507286887
1004,2.486898871648579,9.685831611286304
1005,3.090169943749536,9.510565162951515
1006,3.681245526846803,9.297764858882505
1007,4.2577929156507786,9.048270524660172
1008,4.817536741017168,8.763066800438628
1009,5.358267949790009,8.443279255020125
1010,5.877852522924741,8.090169943749467
1011,6.374239897486929,7.7051324277578646
1012,6.84547105928689,7.289686274214113
1013,7.28968627421414,6.845471059286861
1014,7.70513242775789,6.3742398974869
1015,8.09016994374949,5.877852522924708
1016,8.443279255020183,5.358267949789916
1017,8.763066800438645,4.817536741017134
1018,9.048270524660218,4.257792915650678
1019,9.29776485888252,3.6812455268467663
1020,9.51056516295155,3.0901699437494305
1021,9.68583161128633,2.486898871648472
1022,9.822872507286881,1.873813145857278
1023,9.921147013144779,1.2533323356430426
1024,9.980267284282718,0.6279051952931021
1025,10.0,-6.371258258749179e-14
1026,9.98026728428271,-0.6279051952932292
1027,9.921147013144779,-1.2533323356430282
1028,9.822872507286885,-1.8738131458572636
1029,9.685831611286298,-2.4868988716485956
1030,9.510565162951512,-3.090169943749552
1031,9.297764858882525,-3.6812455268467525
1032,9.048270524660193,-4.25779291565073
1033,8.763066800438619,-4.817536741017183
1034,8.443279255020116,-5.358267949790023
1035,8.090169943749416,-5.877852522924812
1036,7.705132427757899,-6.374239897486889
1037,7.289686274214101,-6.8454710592869015
1038,6.845471059286848,-7.2896862742141515
1039,6.374239897486832,-7.705132427757945
1040,5.877852522924751,-8.090169943749459
1041,5.358267949789961,-8.443279255020155
1042,4.817536741017118,-8.763066800438654
1043,4.257792915650663,-9.048270524660225
1044,3.681245526846684,-9.297764858882552
1045,3.0901699437494816,-9.510565162951533
1046,2.4868988716485245,-9.685831611286318
1047,1.8738131458571914,-9.822872507286897
1048,1.253332335642955,-9.92114701314479
1049,0.6279051952931558,-9.980267284282714
1050,-9.809554005910593e-15,-10.0
1051,-0.6279051952931753,-9.980267284282714
1052,-1.2533323356431156,-9.921147013144768
1053,-1.8738131458572105,-9.822872507286894
1054,-2.4868988716485436,-9.685831611286313
1055,-3.0901699437495007,-9.510565162951528
1056,-3.6812455268468347,-9.297764858882493
1057,-4.25779291565081,-9.048270524660158
1058,-4.817536741017136,-8.763066800438645
1059,-5.358267949789978,-8.443279255020144
1060,-5.877852522924768,-8.090169943749448
1061,-6.374239897486956,-7.705132427757844
1062,-6.845471059286863,-7.289686274214137
1063,-7.289686274214114,-6.845471059286887
1064,-7.7051324277579125,-6.3742398974868735
1065,-8.090169943749512,-5.87785252292468
1066,-8.443279255020201,-5.358267949789886
1067,-8.763066800438628,-4.817536741017166
1068,-9.048270524660202,-4.257792915650712
1069,-9.297764858882532,-3.681245526846735
1070,-9.510565162951561,-3.090169943749398
1071,-9.685831611286304,-2.486898871648577
1072,-9.822872507286887,-1.873813145857244
1073,-9.921147013144783,-1.2533323356430088
1074,-9.98026728428272,-0.6279051952930679
1075,-10.0,9.801507257634945e-14
1076,-9.980267284282716,0.6279051952931216
1077,-9.921147013144775,1.2533323356430621
1078,-9.822872507286878,1.873813145857297
1079,-9.685831611286291,2.486898871648629
1080,-9.510565162951544,3.0901699437494488
1081,-9.297764858882513,3.6812455268467845
1082,-9.048270524660179,4.257792915650761
1083,-8.763066800438603,4.817536741017213
1084,-8.443279255020096,5.3582679497900525
1085,-8.09016994374948,5.877852522924725
1086,-7.705132427757877,6.374239897486915
1087,-7.289686274214078,6.845471059286927
1088,-6.845471059286822,7.2896862742141755
1089,-6.374239897486915,7.705132427757877
1090,-5.877852522924725,8.09016994374948
1091,-5.358267949789932,8.443279255020173
1092,-4.817536741017089,8.76306680043867
1093,-4.257792915650632,9.04827052466024
1094,-3.6812455268467845,9.297764858882513
1095,-3.0901699437494488,9.510565162951544
1096,-2.486898871648491,9.685831611286325
1097,-1.8738131458571574,9.822872507286904
1098,-1.2533323356430621,9.921147013144775
1099,-0.6279051952931216,9.980267284282716
1100,4.411204399476825e-14,10.0
1101,0.6279051952932097,9.98026728428271
1102,1.2533323356430088,9.921147013144783
1103,1.873813145857244,9.822872507286887
1104,2.486898871648577,9.685831611286304
1105,3.0901699437495327,9.510565162951517
1106,3.681245526846867,9.297764858882479
1107,4.257792915650712,9.048270524660202
1108,4.817536741017166,8.763066800438628
1109,5.358267949790006,8.443279255020125
1110,5.877852522924796,8.090169943749428
1111,6.3742398974868735,7.7051324277579125
1112,6.845471059286887,7.289686274214114
1113,7.289686274214137,6.845471059286863
1114,7.705132427757934,6.374239897486848
1115,8.090169943749531,5.877852522924653
1116,8.443279255020144,5.358267949789978
1117,8.763066800438645,4.817536741017136
1118,9.048270524660216,4.257792915650681
1119,9.297764858882545,3.681245526846703
1120,9.510565162951528,3.0901699437495003
1121,9.685831611286313,2.4868988716485436
1122,9.822872507286894,1.8738131458572105
1123,9.921147013144786,1.2533323356429746
1124,9.980267284282721,0.6279051952930336
1125,10.0,9.790984586812942e-15
1126,9.980267284282714,-0.6279051952931559
1127,9.921147013144772,-1.253332335643096
1128,9.82287250728687,-1.8738131458573308
1129,9.685831611286318,-2.4868988716485245
1130,9.510565162951533,-3.0901699437494816
1131,9.297764858882498,-3.6812455268468165
1132,9.048270524660165,-4.257792915650792
1133,8.763066800438587,-4.817536741017244
1134,8.443279255020155,-5.358267949789961
1135,8.090169943749459,-5.877852522924751
1136,7.705132427757856,-6.374239897486942
1137,7.289686274214055,-6.845471059286952
1138,6.8454710592869015,-7.289686274214101
1139,6.374239897486889,-7.705132427757899
1140,5.877852522924696,-8.0901699437495
1141,5.358267949789903,-8.44327925502019
1142,4.817536741017183,-8.763066800438619
1143,4.25779291565073,-9.048270524660193
1144,3.6812455268467525,-9.297764858882525
1145,3.0901699437494163,-9.510565162951554
1146,2.486898871648458,-9.685831611286334
1147,1.8738131458572636,-9.822872507286885
1148,1.2533323356430282,-9.921147013144779
1149,0.6279051952930874,-9.98026728428272
1150,-7.841453398362592e-14,-10.0
1151,-0.6279051952931021,-9.980267284282718
1152,-1.2533323356430426,-9.921147013144779
1153,-1.873813145857278,-9.822872507286881
1154,-2.48689887164861,-9.685831611286295
1155,-3.0901699437495656,-9.510565162951506
1156,-3.6812455268467663,-9.29776485888252
1157,-4.257792915650743,-9.048270524660188
1158,-4.8175367410171965,-8.763066800438612
1159,-5.358267949790036,-8.443279255020107
1160,-5.877852522924708,-8.09016994374949
1161,-6.3742398974869,-7.70513242775789
1162,-6.845471059286913,-7.289686274214091
1163,-7.289686274214162,-6.8454710592868375
1164,-7.705132427757956,-6.374239897486821
1165,-8.090169943749467,-5.877852522924741
1166,-8.443279255020162,-5.358267949789949
1167,-8.763066800438661,-4.817536741017106
1168,-9.048270524660232,-4.25779291565065
1169,-9.297764858882505,-3.681245526846803
1170,-9.510565162951538,-3.090169943749468
1171,-9.685831611286321,-2.4868988716485103
1172,-9.8228725072869,-1.873813145857177
1173,-9.921147013144791,-1.2533323356429404
1174,-9.980267284282716,-0.6279051952931413
1175,-10.0,2.4511505402044716e-14
1176,-9.980267284282712,0.6279051952931901
1177,-9.921147013144768,1.2533323356431303
1178,-9.82287250728689,1.873813145857225
1179,-9.685831611286309,2.486898871648558
1180,-9.510565162951522,3.0901699437495145
1181,-9.297764858882488,3.6812455268468485
1182,-9.04827052466015,4.257792915650823
1183,-8.763066800438638,4.8175367410171495
1184,-8.443279255020137,5.35826794978999
1185,-8.090169943749439,5.87785252292478
1186,-7.7051324277578335,6.374239897486968
1187,-7.2896862742141275,6.845471059286873
1188,-6.845471059286876,7.289686274214125
1189,-6.374239897486862,7.705132427757921
1190,-5.87785252292467,8.09016994374952
1191,-5.358267949789994,8.443279255020133
1192,-4.817536741017153,8.763066800438637
1193,-4.257792915650699,9.048270524660209
1194,-3.681245526846721,9.297764858882537
1195,-3.090169943749384,9.510565162951565
1196,-2.4868988716485623,9.685831611286307
1197,-1.8738131458572296,9.82287250728689
1198,-1.253332335642994,9.921147013144784
1199,-0.6279051952930531,9.980267284282721
1200,-2.9391523179536473e-14,10.0
1201,0.6279051952931364,9.980267284282716
1202,1.2533323356430768,9.921147013144774
1203,1.8738131458573115,9.822872507286874
1204,2.486898871648643,9.685831611286286
1205,3.090169943749463,9.51056516295154
1206,3.6812455268467987,9.297764858882507
1207,4.257792915650774,9.048270524660174
1208,4.817536741017227,8.763066800438596
1209,5.358267949789944,8.443279255020165
1210,5.877852522924735,8.090169943749471
1211,6.374239897486927,7.705132427757868
1212,6.845471059286937,7.289686274214068
1213,7.289686274214184,6.845471059286813
1214,7.705132427757887,6.374239897486904
1215,8.090169943749487,5.877852522924712
1216,8.443279255020181,5.358267949789919
1217,8.763066800438677,4.817536741017076
1218,9.048270524660186,4.2577929156507475
1219,9.297764858882518,3.6812455268467708
1220,9.510565162951549,3.090169943749435
1221,9.68583161128633,2.486898871648477
1222,9.822872507286906,1.873813145857143
1223,9.921147013144777,1.2533323356430475
1224,9.980267284282718,0.627905195293107
1225,10.0,-5.881399539090237e-14
1226,9.98026728428271,-0.6279051952932244
1227,9.92114701314478,-1.253332335643023
1228,9.822872507286885,-1.8738131458572584
1229,9.6858316112863,-2.486898871648591
1230,9.510565162951512,-3.0901699437495465
1231,9.297764858882475,-3.6812455268468804
1232,9.048270524660197,-4.257792915650725
1233,8.763066800438622,-4.81753674101718
1234,8.443279255020117,-5.358267949790019
1235,8.09016994374942,-5.877852522924806
1236,7.705132427757903,-6.374239897486885
1237,7.289686274214104,-6.845471059286899
1238,6.845471059286852,-7.289686274214148
1239,6.374239897486835,-7.705132427757944
1240,5.877852522924756,-8.090169943749457
1241,5.358267949789965,-8.443279255020151
1242,4.817536741017124,-8.763066800438652
1243,4.2577929156506675,-9.048270524660223
1244,3.6812455268466895,-9.29776485888255
1245,3.090169943749486,-9.510565162951533
1246,2.4868988716485294,-9.685831611286316
1247,1.873813145857196,-9.822872507286895
1248,1.25333233564296,-9.92114701314479
1249,0.6279051952931608,-9.980267284282714
1250,-4.91096680932118e-15,-10.0
1251,-0.6279051952931705,-9.980267284282714
1252,-1.2533323356431105,-9.92114701314477
1253,-1.8738131458573455,-9.822872507286869
1254,-2.4868988716485387,-9.685831611286314
1255,-3.090169943749496,-9.51056516295153
1256,-3.6812455268468303,-9.297764858882493
1257,-4.257792915650805,-9.048270524660158
1258,-4.817536741017133,-8.763066800438647
1259,-5.3582679497899734,-8.443279255020146
1260,-5.877852522924764,-8.09016994374945
1261,-6.374239897486953,-7.705132427757846
1262,-6.845471059286963,-7.289686274214043
1263,-7.289686274214111,-6.845471059286891
1264,-7.705132427757909,-6.374239897486877
1265,-8.090169943749508,-5.877852522924685
1266,-8.4432792550202,-5.35826794978989
1267,-8.763066800438626,-4.817536741017171
1268,-9.0482705246602,-4.257792915650716
1269,-9.29776485888253,-3.6812455268467392
1270,-9.510565162951558,-3.0901699437494026
1271,-9.685831611286337,-2.4868988716484437
1272,-9.822872507286887,-1.8738131458572491
1273,-9.921147013144783,-1.2533323356430135
1274,-9.98026728428272,-0.6279051952930726
1275,-10.0,9.311648537976002e-14
1276,-9.980267284282716,0.6279051952931168
1277,-9.921147013144777,1.2533323356430572
1278,-9.822872507286878,1.8738131458572924
1279,-9.685831611286291,2.4868988716486244
1280,-9.510565162951545,3.0901699437494443
1281,-9.297764858882513,3.68124552684678
1282,-9.04827052466018,4.257792915650756
1283,-8.763066800438605,4.817536741017209
1284,-8.4432792550201,5.358267949790047
1285,-8.090169943749482,5.87785252292472
1286,-7.7051324277578805,6.374239897486911
1287,-7.289686274214081,6.845471059286923
1288,-6.845471059286828,7.289686274214171
1289,-6.374239897486919,7.705132427757874
1290,-5.877852522924728,8.090169943749476
1291,-5.358267949789935,8.443279255020169
1292,-4.8175367410170935,8.763066800438668
1293,-4.2577929156506364,9.048270524660238
1294,-3.681245526846789,9.29776485888251
1295,-3.090169943749454,9.510565162951542
1296,-2.486898871648496,9.685831611286325
1297,-1.8738131458571625,9.822872507286903
1298,-1.253332335643067,9.921147013144775
1299,-0.6279051952931265,9.980267284282716
1300,3.921345679817883e-14,10.0
1301,0.6279051952932048,9.98026728428271
1302,1.2533323356431447,9.921147013144765
1303,1.8738131458572393,9.822872507286888
1304,2.486898871648572,9.685831611286305
1305,3.0901699437495282,9.510565162951519
1306,3.681245526846862,9.29776485888248
1307,4.2577929156507075,9.048270524660204
1308,4.817536741017162,8.763066800438631
1309,5.358267949790002,8.443279255020128
1310,5.877852522924791,8.09016994374943
1311,6.37423989748698,7.705132427757825
1312,6.845471059286884,7.289686274214118
1313,7.289686274214135,6.845471059286866
1314,7.70513242775793,6.37423989748685
1315,8.090169943749528,5.877852522924657
1316,8.44327925502014,5.358267949789981
1317,8.763066800438642,4.817536741017141
1318,9.048270524660214,4.257792915650685
1319,9.297764858882543,3.6812455268467073
1320,9.51056516295157,3.0901699437493697
1321,9.68583161128631,2.486898871648548
1322,9.822872507286892,1.8738131458572151
1323,9.921147013144786,1.2533323356429793
1324,9.980267284282721,0.6279051952930386
1325,10.0,1.4689571783402354e-14
1326,9.980267284282714,-0.6279051952931509
1327,9.921147013144772,-1.2533323356430912
1328,9.822872507286872,-1.873813145857326
1329,9.685831611286318,-2.48689887164852
1330,9.510565162951535,-3.090169943749477
1331,9.297764858882502,-3.681245526846812
1332,9.048270524660166,-4.257792915650787
1333,8.763066800438589,-4.817536741017239
1334,8.443279255020157,-5.358267949789957
1335,8.090169943749462,-5.877852522924748
1336,7.705132427757859,-6.374239897486937
1337,7.289686274214057,-6.8454710592869485
1338,6.845471059286905,-7.289686274214098
1339,6.374239897486892,-7.705132427757896
1340,5.8778525229247,-8.090169943749498
1341,5.358267949789907,-8.443279255020189
1342,4.817536741017063,-8.763066800438684
1343,4.257792915650734,-9.048270524660193
1344,3.6812455268467574,-9.297764858882523
1345,3.090169943749421,-9.510565162951552
1346,2.486898871648463,-9.685831611286332
1347,1.8738131458572682,-9.822872507286883
1348,1.2533323356430328,-9.921147013144779
1349,0.6279051952930923,-9.980267284282718
1350,-7.351594678703649e-14,-10.0
1351,-0.6279051952932391,-9.980267284282709
1352,-1.253332335643038,-9.921147013144779
1353,-1.873813145857273,-9.822872507286881
1354,-2.486898871648605,-9.685831611286297
1355,-3.090169943749561,-9.510565162951508
1356,-3.681245526846762,-9.297764858882521
1357,-4.257792915650739,-9.04827052466019
1358,-4.817536741017192,-8.763066800438613
1359,-5.358267949790031,-8.44327925502011
1360,-5.877852522924819,-8.09016994374941
1361,-6.374239897486897,-7.705132427757894
1362,-6.8454710592869095,-7.289686274214095
1363,-7.289686274214158,-6.84547105928684
1364,-7.7051324277579525,-6.374239897486824
1365,-8.090169943749466,-5.877852522924743
1366,-8.44327925502016,-5.358267949789952
1367,-8.76306680043866,-4.81753674101711
1368,-9.048270524660229,-4.257792915650654
1369,-9.297764858882555,-3.6812455268466753
1370,-9.510565162951536,-3.0901699437494723
1371,-9.68583161128632,-2.4868988716485148
1372,-9.822872507286899,-1.8738131458571816
1373,-9.921147013144791,-1.2533323356429453
1374,-9.980267284282714,-0.627905195293146
1375,-10.0,1.96129182054553e-14
1376,-9.980267284282712,0.6279051952931852
1377,-9.921147013144768,1.2533323356431252
1378,-9.822872507286892,1.8738131458572203
1379,-9.685831611286309,2.486898871648553
1380,-9.510565162951524,3.0901699437495096
1381,-9.29776485888249,3.681245526846844
1382,-9.048270524660152,4.2577929156508185
1383,-8.76306680043864,4.817536741017145
1384,-8.443279255020139,5.358267949789985
1385,-8.090169943749443,5.877852522924776
1386,-7.705132427757837,6.374239897486964
1387,-7.289686274214131,6.8454710592868695
1388,-6.845471059286881,7.289686274214121
1389,-6.374239897486866,7.705132427757918
1390,-5.877852522924672,8.090169943749517
1391,-5.3582679497898775,8.443279255020206
1392,-4.8175367410171575,8.763066800438633
1393,-4.257792915650703,9.048270524660207
1394,-3.6812455268467255,9.297764858882536
1395,-3.0901699437493884,9.510565162951563
1396,-2.486898871648567,9.685831611286307
1397,-1.8738131458572347,9.82287250728689
1398,-1.253332335642999,9.921147013144784
1399,-0.6279051952930581,9.98026728428272
1400,1.0781843677589415e-13,10.0
1401,0.6279051952931314,9.980267284282716
1402,1.2533323356430717,9.921147013144774
1403,1.8738131458573068,9.822872507286874
1404,2.4868988716486387,9.685831611286288
1405,3.0901699437494585,9.51056516295154
1406,3.6812455268467934,9.297764858882507
1407,4.25779291565077,9.048270524660175
1408,4.817536741017222,8.763066800438597
1409,5.35826794979006,8.44327925502009
1410,5.877852522924733,8.090169943749473
1411,6.374239897486921,7.705132427757872
1412,6.845471059286934,7.289686274214072
1413,7.289686274214181,6.845471059286816
1414,7.705132427757883,6.374239897486907
1415,8.090169943749485,5.877852522924716
1416,8.443279255020178,5.358267949789923
1417,8.763066800438676,4.81753674101708
1418,9.048270524660245,4.257792915650623
1419,9.297764858882516,3.6812455268467756
1420,9.510565162951547,3.0901699437494394
1421,9.685831611286329,2.486898871648482
1422,9.822872507286906,1.873813145857148
1423,9.921147013144777,1.2533323356430524
1424,9.980267284282716,0.6279051952931118
1425,10.0,-5.3915408194312956e-14
1426,9.98026728428271,-0.6279051952932195
1427,9.92114701314478,-1.2533323356430184
1428,9.822872507286885,-1.8738131458572538
1429,9.685831611286302,-2.4868988716485863
1430,9.510565162951513,-3.090169943749542
1431,9.297764858882475,-3.681245526846876
1432,9.048270524660198,-4.257792915650721
1433,8.763066800438624,-4.817536741017175
1434,8.44327925502012,-5.358267949790014
1435,8.090169943749423,-5.877852522924804
1436,7.705132427757906,-6.374239897486881
1437,7.289686274214108,-6.8454710592868935
1438,6.845471059286855,-7.289686274214144
1439,6.37423989748684,-7.70513242775794
1440,5.877852522924645,-8.090169943749537
1441,5.358267949789969,-8.443279255020148
1442,4.817536741017127,-8.763066800438649
1443,4.257792915650672,-9.048270524660222
1444,3.681245526846694,-9.297764858882548
1445,3.0901699437494914,-9.51056516295153
1446,2.486898871648534,-9.685831611286314
1447,1.8738131458572007,-9.822872507286895
1448,1.2533323356429649,-9.921147013144788
1449,0.6279051952930238,-9.980267284282721
1450,-1.2379612731767154e-17,-10.0
1451,-0.6279051952931657,-9.980267284282714
1452,-1.2533323356431059,-9.92114701314477
1453,-1.8738131458573404,-9.822872507286869
1454,-2.486898871648534,-9.685831611286314
1455,-3.0901699437494914,-9.51056516295153
1456,-3.681245526846826,-9.297764858882495
1457,-4.257792915650801,-9.048270524660161
1458,-4.817536741017252,-8.763066800438581
1459,-5.358267949789969,-8.443279255020148
1460,-5.87785252292476,-8.090169943749453
1461,-6.374239897486948,-7.7051324277578495
1462,-6.845471059286958,-7.289686274214047
1463,-7.289686274214108,-6.8454710592868935
1464,-7.705132427757906,-6.374239897486881
1465,-8.090169943749505,-5.877852522924688
1466,-8.443279255020196,-5.358267949789894
1467,-8.763066800438624,-4.817536741017175
1468,-9.048270524660198,-4.257792915650721
1469,-9.297764858882529,-3.6812455268467437
1470,-9.510565162951558,-3.0901699437494075
1471,-9.685831611286336,-2.4868988716484486
1472,-9.822872507286885,-1.8738131458572538
1473,-9.92114701314478,-1.2533323356430184
1474,-9.98026728428272,-0.6279051952930776
1475,-10.0,8.821789818317061e-14
1476,-9.980267284282716,0.6279051952931118
1477,-9.921147013144777,1.2533323356430524
1478,-9.82287250728688,1.8738131458572878
1479,-9.685831611286293,2.4868988716486196
1480,-9.510565162951503,3.090169943749575
1481,-9.297764858882516,3.6812455268467756
1482,-9.048270524660184,4.257792915650752
1483,-8.763066800438606,4.8175367410172045
1484,-8.443279255020101,5.358267949790044
1485,-8.090169943749485,5.877852522924716
1486,-7.705132427757883,6.374239897486907
1487,-7.289686274214084,6.845471059286919
1488,-6.84547105928683,7.2896862742141675
1489,-6.374239897486813,7.705132427757961
1490,-5.877852522924733,8.090169943749473
1491,-5.35826794978994,8.443279255020167
1492,-4.817536741017098,8.763066800438665
1493,-4.257792915650641,9.048270524660236
1494,-3.6812455268467934,9.297764858882507
1495,-3.0901699437494585,9.51056516295154
1496,-2.486898871648501,9.685831611286323
1497,-1.8738131458571672,9.822872507286903
1498,-1.2533323356429307,9.921147013144791
1499,-0.6279051952931314,9.980267284282716
1500,3.4314869601589424e-14,10.0
1501,0.6279051952932,9.98026728428271
1502,1.25333233564314,9.921147013144767
1503,1.8738131458572347,9.82287250728689
1504,2.4868988716485676,9.685831611286307
1505,3.090169943749524,9.51056516295152
1506,3.6812455268468574,9.297764858882484
1507,4.257792915650832,9.048270524660145
1508,4.8175367410171575,8.763066800438633
1509,5.358267949789997,8.44327925502013
1510,5.877852522924788,8.090169943749434
1511,6.374239897486975,7.705132427757828
1512,6.845471059286881,7.289686274214121
1513,7.289686274214131,6.8454710592868695
1514,7.705132427757928,6.374239897486854
1515,8.090169943749526,5.877852522924661
1516,8.443279255020139,5.358267949789985
1517,8.76306680043864,4.817536741017145
1518,9.048270524660213,4.25779291565069
1519,9.297764858882541,3.681245526846712
1520,9.510565162951568,3.0901699437493746
1521,9.685831611286309,2.486898871648553
1522,9.822872507286892,1.8738131458572203
1523,9.921147013144786,1.2533323356429844
1524,9.980267284282721,0.6279051952930434
1525,10.0,1.9588158979991766e-14
1526,9.980267284282714,-0.627905195293146
1527,9.921147013144774,-1.2533323356430865
1528,9.822872507286872,-1.8738131458573213
1529,9.685831611286284,-2.4868988716486524
1530,9.510565162951536,-3.0901699437494723
1531,9.297764858882504,-3.6812455268468076
1532,9.048270524660168,-4.257792915650783
1533,8.76306680043859,-4.817536741017235
1534,8.44327925502016,-5.358267949789952
1535,8.090169943749466,-5.877852522924743
1536,7.705132427757862,-6.374239897486934
1537,7.28968627421406,-6.845471059286945
1538,6.845471059286805,-7.289686274214192
1539,6.374239897486897,-7.705132427757894
1540,5.877852522924705,-8.090169943749494
1541,5.358267949789911,-8.443279255020187
1542,4.817536741017068,-8.763066800438683
1543,4.257792915650739,-9.04827052466019
1544,3.681245526846762,-9.297764858882521
1545,3.0901699437494257,-9.510565162951552
1546,2.4868988716484672,-9.685831611286332
1547,1.8738131458571337,-9.822872507286908
1548,1.253332335643038,-9.921147013144779
1549,0.6279051952930971,-9.980267284282718
1550,-6.861735959044708e-14,-10.0
1551,-0.6279051952932341,-9.980267284282709
1552,-1.2533323356430328,-9.921147013144779
1553,-1.8738131458572682,-9.822872507286883
1554,-2.4868988716486005,-9.685831611286297
1555,-3.0901699437495562,-9.510565162951508
1556,-3.6812455268468898,-9.29776485888247
1557,-4.257792915650734,-9.048270524660193
1558,-4.817536741017188,-8.763066800438617
1559,-5.358267949790027,-8.443279255020112
1560,-5.877852522924815,-8.090169943749414
1561,-6.374239897486892,-7.705132427757896
1562,-6.845471059286905,-7.289686274214098
1563,-7.289686274214154,-6.8454710592868455
1564,-7.705132427757949,-6.374239897486829
1565,-8.090169943749462,-5.877852522924748
1566,-8.443279255020157,-5.358267949789957
1567,-8.763066800438658,-4.817536741017115
1568,-9.048270524660227,-4.257792915650659
1569,-9.297764858882553,-3.6812455268466797
1570,-9.510565162951535,-3.090169943749477
1571,-9.685831611286318,-2.4868988716485196
1572,-9.822872507286899,-1.8738131458571863
1573,-9.92114701314479,-1.2533323356429502
1574,-9.980267284282714,-0.6279051952931509
1575,-10.0,1.471433100886589e-14
1576,-9.980267284282712,0.6279051952931803
1577,-9.921147013144768,1.2533323356431205
1578,-9.822872507286867,1.8738131458573548
1579,-9.68583161128631,2.486898871648548
1580,-9.510565162951526,3.090169943749505
1581,-9.29776485888249,3.681245526846839
1582,-9.048270524660154,4.257792915650814
1583,-8.763066800438642,4.817536741017141
1584,-8.44327925502014,5.358267949789981
1585,-8.090169943749444,5.877852522924771
1586,-7.705132427757841,6.3742398974869605
1587,-7.289686274214038,6.84547105928697
1588,-6.845471059286884,7.289686274214118
1589,-6.37423989748687,7.705132427757915
1590,-5.877852522924677,8.090169943749515
1591,-5.358267949789882,8.443279255020204
1592,-4.817536741017162,8.763066800438631
1593,-4.2577929156507075,9.048270524660204
1594,-3.68124552684673,9.297764858882534
1595,-3.090169943749393,9.510565162951561
1596,-2.4868988716484344,9.685831611286341
1597,-1.8738131458572393,9.822872507286888
1598,-1.2533323356430037,9.921147013144783
1599,-0.627905195293063,9.98026728428272
1600,1.0291984957930474e-13,10.0
1601,0.6279051952931265,9.980267284282716
1602,1.253332335643067,9.921147013144775
1603,1.873813145857302,9.822872507286876
1604,2.4868988716486338,9.68583161128629
1605,3.090169943749589,9.5105651629515
1606,3.681245526846789,9.29776485888251
1607,4.257792915650765,9.048270524660177
1608,4.817536741017218,8.763066800438601
1609,5.358267949790055,8.443279255020094
1610,5.877852522924728,8.090169943749476
1611,6.374239897486919,7.705132427757874
1612,6.845471059286931,7.289686274214074
1613,7.289686274214179,6.84547105928682
1614,7.7051324277578805,6.374239897486911
1615,8.090169943749482,5.87785252292472
1616,8.443279255020176,5.358267949789928
1617,8.763066800438674,4.817536741017085
1618,9.048270524660243,4.257792915650628
1619,9.297764858882513,3.68124552684678
1620,9.510565162951545,3.0901699437494443
1621,9.685831611286327,2.4868988716484868
1622,9.822872507286904,1.8738131458571528
1623,9.921147013144777,1.2533323356430572
1624,9.980267284282716,0.6279051952931167
1625,10.0,-4.9016820997723543e-14
1626,9.98026728428271,-0.6279051952932145
1627,9.921147013144765,-1.2533323356431545
1628,9.822872507286887,-1.8738131458572491
1629,9.685831611286304,-2.4868988716485814
1630,9.510565162951515,-3.0901699437495376
1631,9.297764858882477,-3.6812455268468716
1632,9.0482705246602,-4.257792915650716
1633,8.763066800438626,-4.817536741017171
1634,8.443279255020123,-5.35826794979001
1635,8.090169943749425,-5.877852522924799
1636,7.705132427757818,-6.374239897486986
1637,7.289686274214111,-6.845471059286891
1638,6.845471059286858,-7.289686274214141
1639,6.374239897486843,-7.7051324277579365
1640,5.877852522924649,-8.090169943749535
1641,5.3582679497899734,-8.443279255020146
1642,4.817536741017133,-8.763066800438647
1643,4.257792915650676,-9.04827052466022
1644,3.6812455268466984,-9.297764858882546
1645,3.090169943749361,-9.510565162951574
1646,2.4868988716485387,-9.685831611286314
1647,1.8738131458572058,-9.822872507286895
1648,1.2533323356429695,-9.921147013144788
1649,0.6279051952930287,-9.980267284282721
1650,4.886207583857646e-15,-10.0
1651,-0.6279051952931608,-9.980267284282714
1652,-1.2533323356431008,-9.921147013144772
1653,-1.8738131458573357,-9.822872507286869
1654,-2.4868988716485294,-9.685831611286316
1655,-3.090169943749486,-9.510565162951533
1656,-3.6812455268468214,-9.297764858882498
1657,-4.257792915650796,-9.048270524660163
1658,-4.817536741017248,-8.763066800438583
1659,-5.358267949789965,-8.443279255020151
1660,-5.877852522924756,-8.090169943749457
1661,-6.374239897486945,-7.705132427757853
1662,-6.845471059286955,-7.28968627421405
1663,-7.289686274214104,-6.845471059286899
1664,-7.705132427757903,-6.374239897486885
1665,-8.090169943749503,-5.877852522924693
1666,-8.443279255020194,-5.358267949789899
1667,-8.76306680043869,-4.817536741017054
1668,-9.048270524660197,-4.257792915650725
1669,-9.297764858882527,-3.681245526846748
1670,-9.510565162951556,-3.090169943749412
1671,-9.685831611286336,-2.4868988716484535
1672,-9.822872507286885,-1.8738131458572584
1673,-9.92114701314478,-1.253332335643023
1674,-9.98026728428272,-0.6279051952930825
1675,-10.0,8.33193109865812e-14
1676,-9.980267284282709,0.6279051952932488
1677,-9.921147013144777,1.2533323356430475
1678,-9.82287250728688,1.8738131458572826
1679,-9.685831611286295,2.4868988716486147
1680,-9.510565162951504,3.09016994374957
1681,-9.297764858882518,3.6812455268467708
1682,-9.048270524660186,4.2577929156507475
1683,-8.76306680043861,4.8175367410172
1684,-8.443279255020105,5.358267949790038
1685,-8.090169943749405,5.877852522924827
1686,-7.705132427757887,6.374239897486904
1687,-7.2896862742140875,6.845471059286917
1688,-6.845471059286834,7.289686274214166
1689,-6.374239897486817,7.70513242775796
1690,-5.877852522924735,8.090169943749471
1691,-5.358267949789944,8.443279255020165
1692,-4.817536741017102,8.763066800438663
1693,-4.257792915650645,9.048270524660234
1694,-3.681245526846666,9.297764858882559
1695,-3.090169943749463,9.51056516295154
1696,-2.4868988716485054,9.685831611286321
1697,-1.8738131458571718,9.8228725072869
1698,-1.2533323356429358,9.921147013144791
1699,-0.6279051952931363,9.980267284282716
1700,2.941628240500001e-14,10.0
1701,0.6279051952931949,9.980267284282712
1702,1.253332335643135,9.921147013144767
1703,1.8738131458572296,9.82287250728689
1704,2.4868988716485623,9.685831611286307
1705,3.090169943749519,9.51056516295152
1706,3.681245526846853,9.297764858882484
1707,4.257792915650827,9.048270524660149
1708,4.817536741017153,8.763066800438637
1709,5.358267949789994,8.443279255020133
1710,5.877852522924783,8.090169943749437
1711,6.374239897486972,7.70513242775783
1712,6.845471059286876,7.289686274214125
1713,7.2896862742141275,6.845471059286873
1714,7.705132427757925,6.374239897486858
1715,8.090169943749522,5.877852522924664
1716,8.443279255020212,5.3582679497898695
1717,8.763066800438638,4.8175367410171495
1718,9.04827052466021,4.257792915650694
1719,9.29776485888254,3.6812455268467166
1720,9.510565162951567,3.090169943749379
1721,9.685831611286309,2.486898871648558
1722,9.82287250728689,1.873813145857225
1723,9.921147013144786,1.2533323356429893
1724,9.980267284282721,0.6279051952930482
1725,10.0,-1.1762180097543884e-13
1726,9.980267284282716,-0.6279051952931413
1727,9.921147013144774,-1.2533323356430814
1728,9.822872507286874,-1.8738131458573166
1729,9.685831611286286,-2.486898871648648
1730,9.510565162951538,-3.090169943749468
1731,9.297764858882505,-3.681245526846803
1732,9.048270524660172,-4.2577929156507786
1733,8.763066800438592,-4.817536741017231
1734,8.443279255020087,-5.3582679497900685
1735,8.090169943749467,-5.877852522924741
1736,7.7051324277578646,-6.374239897486929
1737,7.289686274214064,-6.8454710592869406
1738,6.845471059286808,-7.289686274214188
1739,6.3742398974869,-7.70513242775789
1740,5.877852522924708,-8.09016994374949
1741,5.358267949789916,-8.443279255020183
1742,4.817536741017071,-8.763066800438681
1743,4.257792915650614,-9.048270524660248
1744,3.6812455268467663,-9.29776485888252
1745,3.0901699437494305,-9.51056516295155
1746,2.486898871648472,-9.68583161128633
1747,1.8738131458571383,-9.822872507286908
1748,1.2533323356430426,-9.921147013144779
1749,0.6279051952931021,-9.980267284282718
1750,-6.371877239385766e-14,-10.0
1751,-0.6279051952932292,-9.98026728428271
1752,-1.2533323356430282,-9.921147013144779
1753,-1.8738131458572636,-9.822872507286885
1754,-2.4868988716485956,-9.685831611286298
1755,-3.090169943749552,-9.510565162951512
1756,-3.6812455268468853,-9.297764858882472
1757,-4.25779291565073,-9.048270524660193
1758,-4.817536741017183,-8.763066800438619
1759,-5.358267949790023,-8.443279255020116
1760,-5.877852522924812,-8.090169943749416
1761,-6.374239897486889,-7.705132427757899
1762,-6.8454710592869015,-7.289686274214101
1763,-7.2896862742141515,-6.845471059286848
1764,-7.705132427757945,-6.374239897486832
1765,-8.090169943749544,-5.877852522924637
1766,-8.443279255020155,-5.358267949789961
1767,-8.763066800438654,-4.817536741017118
1768,-9.048270524660225,-4.257792915650663
1769,-9.297764858882552,-3.681245526846684
1770,-9.510565162951533,-3.0901699437494816
1771,-9.685831611286318,-2.4868988716485245
1772,-9.822872507286897,-1.8738131458571914
1773,-9.92114701314479,-1.253332335642955
1774,-9.980267284282723,-0.6279051952930139
1775,-10.0,9.815743812276475e-15
1776,-9.980267284282714,0.6279051952931756
1777,-9.921147013144768,1.2533323356431156
1778,-9.822872507286867,1.8738131458573501
1779,-9.685831611286313,2.4868988716485436
1780,-9.510565162951528,3.0901699437495007
1781,-9.297764858882493,3.6812455268468347
1782,-9.048270524660158,4.25779291565081
1783,-8.763066800438576,4.8175367410172605
1784,-8.443279255020144,5.358267949789978
1785,-8.090169943749448,5.877852522924768
1786,-7.705132427757844,6.374239897486956
1787,-7.289686274214041,6.845471059286966
1788,-6.845471059286887,7.289686274214114
1789,-6.3742398974868735,7.7051324277579125
1790,-5.87785252292468,8.090169943749512
1791,-5.358267949789886,8.443279255020201
1792,-4.817536741017042,8.763066800438697
1793,-4.257792915650712,9.048270524660202
1794,-3.681245526846735,9.297764858882532
1795,-3.090169943749398,9.510565162951561
1796,-2.4868988716484393,9.68583161128634
1797,-1.873813145857244,9.822872507286887
1798,-1.2533323356430088,9.921147013144783
1799,-0.6279051952930679,9.98026728428272
1800,9.802126238271532e-14,10.0
1801,0.6279051952931216,9.980267284282716
1802,1.2533323356430621,9.921147013144775
1803,1.873813145857297,9.822872507286878
1804,2.486898871648629,9.685831611286291
1805,3.0901699437495846,9.5105651629515
1806,3.6812455268467845,9.297764858882513
1807,4.257792915650761,9.048270524660179
1808,4.817536741017213,8.763066800438603
1809,5.3582679497900525,8.443279255020096
1810,5.877852522924725,8.09016994374948
1811,6.374239897486915,7.705132427757877
1812,6.845471059286927,7.289686274214078
1813,7.2896862742141755,6.845471059286822
1814,7.7051324277579685,6.374239897486805
1815,8.09016994374948,5.877852522924725
1816,8.443279255020173,5.358267949789932
1817,8.76306680043867,4.817536741017089
1818,9.04827052466024,4.257792915650632
1819,9.297764858882513,3.6812455268467845
1820,9.510565162951544,3.0901699437494488
1821,9.685831611286325,2.486898871648491
1822,9.822872507286904,1.8738131458571574
1823,9.921147013144793,1.253332335642921
1824,9.980267284282716,0.6279051952931216
1825,10.0,-4.411823380113413e-14
1826,9.98026728428271,-0.6279051952932097
1827,9.921147013144765,-1.2533323356431496
1828,9.822872507286887,-1.873813145857244
1829,9.685831611286304,-2.486898871648577
1830,9.510565162951517,-3.0901699437495327
1831,9.297764858882479,-3.681245526846867
1832,9.048270524660142,-4.257792915650841
1833,8.763066800438628,-4.817536741017166
1834,8.443279255020125,-5.358267949790006
1835,8.090169943749428,-5.877852522924796
1836,7.705132427757821,-6.374239897486983
1837,7.289686274214114,-6.845471059286887
1838,6.845471059286863,-7.289686274214137
1839,6.374239897486848,-7.705132427757934
1840,5.877852522924653,-8.090169943749531
1841,5.358267949789978,-8.443279255020144
1842,4.817536741017136,-8.763066800438645
1843,4.257792915650681,-9.048270524660216
1844,3.681245526846703,-9.297764858882545
1845,3.0901699437493653,-9.51056516295157
1846,2.4868988716485436,-9.685831611286313
1847,1.8738131458572105,-9.822872507286894
1848,1.2533323356429746,-9.921147013144786
1849,0.6279051952930336,-9.980267284282721
1850,9.784794780447059e-15,-10.0
1851,-0.6279051952931559,-9.980267284282714
1852,-1.253332335643096,-9.921147013144772
1853,-1.8738131458573308,-9.82287250728687
1854,-2.486898871648662,-9.685831611286282
1855,-3.0901699437494816,-9.510565162951533
1856,-3.6812455268468165,-9.297764858882498
1857,-4.257792915650792,-9.048270524660165
1858,-4.817536741017244,-8.763066800438587
1859,-5.358267949789961,-8.443279255020155
1860,-5.877852522924751,-8.090169943749459
1861,-6.374239897486942,-7.705132427757856
1862,-6.845471059286952,-7.289686274214055
1863,-7.289686274214198,-6.845471059286798
1864,-7.705132427757899,-6.374239897486889
1865,-8.0901699437495,-5.877852522924696
1866,-8.44327925502019,-5.358267949789903
1867,-8.763066800438688,-4.817536741017059
1868,-9.048270524660193,-4.25779291565073
1869,-9.297764858882525,-3.6812455268467525
1870,-9.510565162951554,-3.0901699437494163
1871,-9.685831611286334,-2.486898871648458
1872,-9.82287250728691,-1.8738131458571239
1873,-9.921147013144779,-1.2533323356430282
1874,-9.98026728428272,-0.6279051952930874
1875,-10.0,7.842072378999179e-14
1876,-9.980267284282709,0.627905195293244
1877,-9.921147013144779,1.2533323356430426
1878,-9.822872507286881,1.873813145857278
1879,-9.685831611286295,2.48689887164861
1880,-9.510565162951506,3.0901699437495656
1881,-9.297764858882466,3.6812455268468987
1882,-9.048270524660188,4.257792915650743
1883,-8.763066800438612,4.8175367410171965
1884,-8.443279255020107,5.358267949790036
1885,-8.090169943749409,5.877852522924823
1886,-7.70513242775789,6.3742398974869
1887,-7.289686274214091,6.845471059286913
1888,-6.8454710592868375,7.289686274214162
1889,-6.374239897486821,7.705132427757956
1890,-5.877852522924741,8.090169943749467
1891,-5.358267949789949,8.443279255020162
1892,-4.817536741017106,8.763066800438661
1893,-4.25779291565065,9.048270524660232
1894,-3.681245526846671,9.297764858882557
1895,-3.090169943749468,9.510565162951538
1896,-2.4868988716485103,9.685831611286321
1897,-1.873813145857177,9.8228725072869
1898,-1.2533323356429404,9.921147013144791
1899,-0.6279051952931413,9.980267284282716
1900,2.45176952084106e-14,10.0
1901,0.6279051952931901,9.980267284282712
1902,1.2533323356431303,9.921147013144768
1903,1.8738131458573646,9.822872507286863
1904,2.486898871648558,9.685831611286309
1905,3.0901699437495145,9.510565162951522
1906,3.6812455268468485,9.297764858882488
1907,4.257792915650823,9.04827052466015
1908,4.8175367410171495,8.763066800438638
1909,5.35826794978999,8.443279255020137
1910,5.87785252292478,8.090169943749439
1911,6.374239897486968,7.7051324277578335
1912,6.845471059286977,7.28968627421403
1913,7.289686274214125,6.845471059286876
1914,7.705132427757921,6.374239897486862
1915,8.09016994374952,5.87785252292467
1916,8.44327925502021,5.358267949789873
1917,8.763066800438637,4.817536741017153
1918,9.048270524660209,4.257792915650699
1919,9.297764858882537,3.681245526846721
1920,9.510565162951565,3.090169943749384
1921,9.685831611286343,2.4868988716484246
1922,9.82287250728689,1.8738131458572296
1923,9.921147013144784,1.253332335642994
1924,9.980267284282721,0.6279051952930531
1925,10.0,-1.1272321377884945e-13
1926,9.980267284282716,-0.6279051952931364
1927,9.921147013144774,-1.2533323356430768
1928,9.822872507286874,-1.8738131458573115
1929,9.685831611286286,-2.486898871648643
1930,9.510565162951496,-3.0901699437495984
1931,9.297764858882507,-3.6812455268467987
1932,9.048270524660174,-4.257792915650774
1933,8.763066800438596,-4.817536741017227
1934,8.443279255020089,-5.358267949790064
1935,8.090169943749471,-5.877852522924735
1936,7.705132427757868,-6.374239897486927
1937,7.289686274214068,-6.845471059286937
1938,6.845471059286813,-7.289686274214184
1939,6.374239897486904,-7.705132427757887
1940,5.877852522924712,-8.090169943749487
1941,5.358267949789919,-8.443279255020181
1942,4.817536741017076,-8.763066800438677
1943,4.257792915650619,-9.048270524660246
1944,3.6812455268467708,-9.297764858882518
1945,3.090169943749435,-9.510565162951549
1946,2.486898871648477,-9.68583161128633
1947,1.873813145857143,-9.822872507286906
1948,1.2533323356430475,-9.921147013144777
1949,0.627905195293107,-9.980267284282718
1950,-5.882018519726826e-14,-10.0
1951,-0.6279051952932244,-9.98026728428271
1952,-1.2533323356431643,-9.921147013144763
1953,-1.8738131458572589,-9.822872507286885
1954,-2.486898871648591,-9.6858316112863
1955,-3.0901699437495465,-9.510565162951512
1956,-3.6812455268468804,-9.297764858882475
1957,-4.257792915650725,-9.048270524660197
1958,-4.81753674101718,-8.763066800438622
1959,-5.358267949790019,-8.443279255020117
1960,-5.877852522924806,-8.09016994374942
1961,-6.374239897486994,-7.705132427757811
1962,-6.845471059286899,-7.289686274214104
1963,-7.289686274214148,-6.845471059286852
1964,-7.705132427757944,-6.374239897486835
1965,-8.09016994374954,-5.87785252292464
1966,-8.443279255020151,-5.358267949789965
1967,-8.763066800438652,-4.817536741017124
1968,-9.048270524660223,-4.2577929156506675
1969,-9.29776485888255,-3.6812455268466895
1970,-9.510565162951576,-3.090169943749351
1971,-9.685831611286316,-2.4868988716485294
1972,-9.822872507286895,-1.873813145857196
1973,-9.92114701314479,-1.25333233564296
1974,-9.980267284282723,-0.627905195293019
1975,-10.0,4.917156615687063e-15
1976,-9.980267284282714,0.6279051952931705
1977,-9.92114701314477,1.253332335643111
1978,-9.822872507286869,1.8738131458573455
1979,-9.685831611286314,2.4868988716485387
1980,-9.51056516295153,3.090169943749496
1981,-9.297764858882493,3.6812455268468303
1982,-9.048270524660158,4.257792915650805
1983,-8.76306680043858,4.817536741017257
1984,-8.443279255020146,5.3582679497899734
1985,-8.09016994374945,5.877852522924764
1986,-7.705132427757846,6.374239897486953
1987,-7.289686274214043,6.845471059286963
1988,-6.845471059286891,7.289686274214111
1989,-6.374239897486877,7.705132427757909
1990,-5.877852522924685,8.090169943749508
1991,-5.35826794978989,8.4432792550202
1992,-4.817536741017046,8.763066800438695
1993,-4.257792915650716,9.0482705246602
1994,-3.6812455268467392,9.29776485888253
1995,-3.0901699437494026,9.510565162951558
1996,-2.4868988716484437,9.685831611286337
1997,-1.8738131458572491,9.822872507286887
1998,-1.2533323356430135,9.921147013144783
1999,-0.6279051952930726,9.98026728428272
