month,国外资产,储备资产,准备金存款,库存现金,对政府债权,对中央银行债权,对其他存款性公司债权,对其他金融机构债权,对非金融机构债权,对其他居民部门债权,其他资产,对非金融机构及住户负债,纳入广义货币的存款,单位活期存款,单位定期存款,个人存款,不纳入广义货币的存款,可转让存款,其他存款,其他负债,对中央银行负债,对其他存款性公司负债,对其他金融性公司负债,国外负债,债券发行,实收资本,其他负债,总负债
2008/1,18855.54,72379.52,69000.91,3378.61,29114.63,33583.47,58900.9,12417.92,242978.21,52054.49,29647.39,371727.9,358082.29,118197.01,65537.4,174347.88,9827.14,3489.02,6338.12,3818.47,6152.46,22888.83,43898.59,6228.12,34732.68,18410.31,3818.47,549932.07
2008/2,18816.32,73991.72,70898.27,3093.45,29605.96,37692.79,61843.52,11764.24,246240.79,52168.21,32980.62,382375.52,369008.04,117723.41,67324.48,183960.15,9840.92,3675.75,6165.17,3526.56,6969.84,24386.19,43229.28,5742.3,35799.82,18423.66,3526.56,565104.18
2008/3,20325.16,72927.87,69923.5,3004.37,29507.39,41969.95,64907.3,11416.97,247252.87,53102.65,32975.66,393139.25,379448.61,120434.4,71599.33,187414.88,9816.33,3457.15,6359.18,3874.31,6237.3,26770.64,37867.21,5845.96,36737.7,18480.81,3874.31,574385.82
2008/4,20375.92,74595.54,71960.81,2634.73,29852.46,41061.47,66665.99,11265.53,251548.01,53834.0,34124.92,397071.37,383061.54,120905.3,73767.12,188389.12,10414.05,3269.88,7144.17,3595.78,6239.65,27142.05,40430.97,5685.26,37549.47,18523.49,3595.78,583323.84
2008/5,21110.25,77340.03,74682.64,2657.39,30581.4,39801.28,66691.73,11553.39,253180.38,54508.84,33798.99,402831.77,389269.99,123175.45,75420.16,190674.38,10276.66,3579.0,6697.66,3285.12,6258.9,26354.01,40318.91,5601.63,37902.65,18562.78,3285.12,588566.29
2008/6,20155.05,83884.5,80990.23,2894.27,30037.72,38101.05,68746.26,12005.48,255526.98,55300.86,32547.17,410464.81,396889.61,124638.83,77981.31,194269.47,10377.3,3660.75,6716.55,3197.9,6255.21,27699.33,38239.49,5558.73,38220.29,18666.01,3197.9,596305.07
2008/7,20813.4,84667.52,82069.65,2597.87,30237.42,38671.51,67253.53,12787.24,258451.16,55783.29,32898.04,413230.63,399224.46,124305.25,78247.74,196671.47,10670.58,3846.18,6824.4,3335.59,6216.98,27605.72,41043.35,5570.69,38144.63,18723.55,3335.59,601563.11
2008/8,20953.39,85636.37,82789.77,2846.6,30036.08,38540.13,67889.38,11603.31,260204.61,56282.83,33440.37,420281.87,406138.62,126038.3,80111.39,199988.93,10968.35,3968.64,6999.71,3174.9,6193.66,27767.67,35084.1,5764.12,38530.9,18766.86,3174.9,604586.47
2008/9,20180.47,84806.01,81654.8,3151.21,29572.8,40419.02,71614.81,12246.3,263080.86,56897.53,32399.5,426503.21,412493.37,124024.09,84045.11,204424.17,10929.06,3738.91,7190.15,3080.78,6260.52,29202.67,31551.41,5564.05,39816.65,18901.74,3080.78,611217.3
2008/10,21430.31,83538.38,80812.85,2725.53,29874.03,41151.18,73103.47,12519.78,264806.11,56921.33,34530.16,428065.36,413485.46,125876.52,80139.05,207469.89,11071.15,3912.41,7158.74,3508.75,6163.71,30181.9,30884.64,5377.86,40498.62,20260.31,3508.75,617874.75
2008/11,22631.93,86937.05,84087.93,2849.12,30105.5,40261.63,72514.63,12651.8,262236.34,56575.56,41010.48,432722.56,418554.58,126219.27,81146.82,211188.49,10815.72,4068.1,6747.62,3352.26,6096.55,30723.68,31294.72,5356.2,41081.03,20317.25,3352.26,624924.92
2008/12,22303.06,93915.32,91018.52,2896.8,30202.44,42682.96,75741.12,12450.53,268459.83,57136.94,38609.49,447253.45,432139.38,131998.17,82339.85,217801.36,11210.92,4339.16,6871.76,3903.15,4610.03,32580.25,32029.82,5143.38,42335.28,21751.08,3903.15,641501.69
2009/1,21569.81,87720.04,81129.76,6590.29,30167.08,49417.44,74328.5,12493.56,283838.53,58290.46,44365.26,460619.73,446289.42,124132.6,89008.3,233148.52,10484.83,3920.89,6563.94,3845.48,4537.59,35870.16,33252.14,5076.63,42591.06,21786.54,3845.48,662190.68
2009/2,21524.67,89521.67,86378.04,3143.64,30201.44,56411.06,79364.47,12931.77,293160.82,58734.35,44081.03,474095.02,460945.87,131007.96,92513.4,237424.52,10607.89,4263.52,6344.38,2541.26,4572.08,39774.11,37688.4,4917.88,43090.9,21803.94,2541.26,685931.28
2009/3,21607.56,89606.9,86499.55,3107.35,30400.55,62440.15,84039.76,13702.09,310058.1,61297.25,41661.51,499296.45,486194.39,142794.71,100344.77,243054.91,10791.47,4256.54,6534.93,2310.59,4676.18,42876.53,38685.68,4854.51,43597.14,21834.11,2310.59,714813.86
2009/4,21215.11,89068.76,86230.0,2838.76,31174.72,63883.59,84988.98,13427.57,316300.87,62769.54,42207.57,507680.87,494608.74,143956.3,106430.69,244221.74,10952.28,4312.54,6639.74,2119.86,4680.68,42674.02,40437.76,4771.51,44007.75,21907.35,2119.86,725036.71
2009/5,19999.66,88385.1,85283.05,3102.05,33150.27,65299.69,87643.2,14380.32,322397.35,64651.51,42471.08,516047.23,503077.93,148466.06,108461.25,246150.61,11025.15,4564.56,6460.59,1944.16,4716.55,45043.78,41158.02,4802.34,44127.98,21951.17,1944.16,738378.18
2009/6,19477.24,89480.62,86401.08,3079.54,34624.11,63923.7,90116.57,14532.78,336876.55,67684.34,42091.86,534415.7,521212.01,159497.17,112491.19,249223.66,11134.71,4644.33,6490.39,2068.97,4778.02,44351.85,43247.13,4769.32,45256.76,22047.87,2068.97,758807.79
2009/7,18749.95,89856.25,86988.54,2867.71,35734.75,60828.07,86409.03,15152.37,339693.8,70129.91,43707.0,534412.4,521245.63,161649.96,110368.63,249227.04,11169.4,4756.95,6412.45,1997.37,4709.9,40290.58,47313.4,4996.45,46122.43,22168.8,1997.37,760261.15
2009/8,17992.38,89152.74,85962.32,3190.42,36770.4,61851.63,85143.82,13802.07,342963.56,72633.09,45540.32,536487.32,523269.53,165988.21,108825.75,248455.58,11237.17,4810.41,6426.76,1980.62,4953.32,39891.48,48379.18,4617.14,47004.78,22298.09,1980.62,765850.0
2009/9,17001.97,95761.64,92044.75,3716.9,37028.03,56886.81,86950.4,13970.25,347348.43,75413.94,45995.47,547732.77,534432.38,164920.25,113899.97,255612.15,11020.25,4578.37,6441.88,2280.15,4986.96,40990.81,44082.35,4600.54,48282.9,22465.46,2280.15,776356.95
2009/10,16668.24,93051.56,89881.28,3170.28,37114.2,59468.07,86431.39,14081.49,350307.24,76975.79,47561.14,547288.44,533701.15,171815.52,108809.28,253076.36,11151.95,4890.17,6261.78,2435.34,4996.73,40810.8,47103.54,4725.64,49210.61,22498.21,2435.34,781659.13
2009/11,15535.19,95413.04,92129.06,3283.98,38058.99,57962.53,88853.52,15319.68,354218.69,79353.04,49405.24,552936.36,538882.23,176149.34,109074.98,253657.91,11528.66,5038.68,6489.98,2525.46,5149.16,40222.17,48866.89,4744.8,51442.53,22664.41,2525.46,794119.91
2009/12,17807.23,104575.53,101266.7,3308.83,38052.8,54632.29,97914.51,16977.72,349884.36,83655.67,46317.91,571062.51,556866.23,183198.83,113430.66,260236.74,11789.49,5299.98,6489.51,2406.79,5584.46,44022.12,42161.59,6018.75,51924.52,23130.83,2406.79,809818.02
2010/1,17287.65,101002.36,97411.78,3590.59,37313.41,53961.17,104336.92,15995.79,360176.55,88004.84,49384.0,582501.66,567966.43,188830.4,116340.51,262795.52,12081.15,5355.96,6725.19,2454.07,5431.18,46011.22,44019.81,5901.19,52343.3,23185.51,2454.07,827462.68
2010/2,16942.49,108684.98,103362.92,5322.06,36460.79,48515.19,105864.17,15141.87,366521.32,89990.06,49674.38,593448.46,578989.83,181421.17,119190.13,278378.53,12220.44,5303.5,6916.94,2238.19,5467.12,45262.54,41560.61,5730.06,52834.69,23206.84,2238.19,837795.25
2010/3,16957.97,109344.86,105589.35,3755.51,36943.41,52990.72,119775.94,16809.34,370545.6,92785.79,51415.87,608534.84,593611.4,190317.35,122943.73,280350.33,12389.58,5371.65,7017.93,2533.86,5569.57,52269.98,44984.13,6050.21,53417.61,23305.17,2533.86,867569.51
2010/4,15793.48,106106.69,102690.46,3416.23,37226.71,56334.43,120385.2,16147.36,377003.36,96013.42,53483.78,616751.57,601906.91,194252.22,127802.17,279852.51,12191.05,5204.14,6986.91,2653.61,5688.0,51882.97,44100.17,6884.35,53635.02,23518.96,2653.61,878494.44
2010/5,15916.4,107131.28,103674.34,3456.94,37971.76,54009.24,119164.15,15429.12,381558.56,98634.67,56444.78,623287.5,608685.01,197844.91,130292.5,280547.6,12082.26,5227.98,6854.28,2520.23,5717.98,50123.64,43813.01,6659.85,54674.17,23581.65,2520.23,886259.96
2010/6,16310.33,114018.75,110356.71,3662.05,39151.14,47761.69,122929.95,19613.16,384817.29,100960.24,50855.59,636131.66,620823.22,201675.15,131673.96,287474.1,12721.92,5509.83,7212.09,2586.52,5215.44,51927.35,43373.08,6674.97,55230.31,23841.99,2586.52,896418.15
2010/7,17239.72,113144.01,109733.19,3410.82,39828.02,46488.7,122819.56,17971.59,388170.37,102660.15,52421.45,634592.38,619210.48,201120.91,131100.16,286989.41,12755.96,5192.49,7563.47,2625.93,5258.12,51464.59,44774.65,6429.31,56900.28,24477.61,2625.93,900743.57
2010/8,17419.17,112622.13,109003.51,3618.62,41482.11,47544.31,130462.83,19758.76,392459.24,104646.5,54719.01,643991.24,628166.17,204417.88,134975.2,288773.09,13113.73,5275.6,7838.13,2711.34,5282.01,54863.43,48945.14,6345.57,57407.21,24676.1,2711.34,921114.06
2010/9,18575.25,117271.51,112906.11,4365.41,41798.94,45570.79,132375.61,19057.06,397254.45,107112.1,53942.42,660345.87,643969.33,201967.5,142865.49,299136.35,13641.34,5493.65,8147.69,2735.2,5328.49,55221.08,40139.83,6696.04,58304.82,25173.82,2735.2,932958.14
2010/10,17310.46,121393.46,117590.31,3803.15,41906.93,43360.98,131643.68,19212.58,401994.6,108762.2,56832.94,658614.12,642062.53,211666.96,138357.86,292037.71,13739.15,5625.01,8114.14,2812.43,5270.62,54985.32,47778.4,6885.0,58447.43,25381.02,2812.43,942417.82
2010/11,18046.77,125670.08,121796.24,3873.84,42671.58,42264.0,131026.15,18039.94,406181.49,110640.87,57721.31,667380.73,650797.74,217168.16,140202.84,293426.73,13718.63,5984.09,7734.54,2864.37,5223.38,52721.98,47593.01,7351.58,59296.66,25848.17,2864.37,952262.17
2010/12,18524.81,136834.97,132817.12,4017.85,43460.46,40274.18,134452.82,19735.5,409539.12,112094.36,46692.41,684857.78,668318.47,221993.37,143232.08,303093.01,13566.09,6081.93,7484.16,2973.22,5629.0,55748.4,44255.17,7179.38,59105.24,26506.78,2973.22,961608.63
2011/1,20296.14,135162.87,129437.51,5725.36,43459.71,36111.61,129776.28,20179.9,415468.21,114810.69,48396.33,689272.67,665175.09,203701.07,143049.52,318424.51,20122.24,6839.41,13282.84,3975.34,10578.68,52360.74,37680.0,6696.41,60197.92,26564.29,3975.34,963661.73
2011/2,20460.52,142791.91,137568.65,5223.26,43305.05,32974.84,137360.75,22057.84,420303.95,115873.09,48677.4,698192.74,673863.44,211930.26,140988.81,320944.37,20540.45,7265.74,13274.71,3788.85,5824.67,57360.92,43985.02,7009.87,61716.38,26589.5,3788.85,983805.35
2011/3,20801.44,146871.3,142444.1,4427.2,43783.32,35632.3,154449.98,25564.39,423349.26,118899.33,47948.48,726488.66,701500.26,221410.26,148781.1,331308.9,21189.81,7542.71,13647.1,3798.59,4915.11,62803.91,40556.52,7238.36,64385.38,26763.0,3798.59,1017299.8
2011/4,20651.61,146964.21,143002.72,3961.49,44199.35,32611.15,152970.74,21136.27,429028.47,121371.8,49813.05,726616.31,701263.52,221277.89,153312.56,326673.07,21280.9,7240.27,14040.63,4071.89,4923.65,59593.3,40367.83,7578.96,66526.36,26878.06,4071.89,1018746.66
2011/5,20642.0,150663.61,146620.53,4043.07,44912.3,30577.05,151518.14,21933.43,433131.65,123528.26,50426.03,734184.25,708530.55,224686.79,156370.62,327473.14,21486.2,7174.76,14311.44,4167.5,5041.38,57351.97,40629.21,7715.92,67412.79,27024.94,4167.5,1027332.46
2011/6,21977.5,158159.91,153821.93,4337.98,45770.8,26612.17,166119.01,29788.23,436947.86,125849.04,50642.68,753967.7,727055.16,230184.77,159299.78,337570.62,22774.85,8005.54,14769.32,4137.68,5262.97,68211.85,41217.54,8286.32,69587.17,27313.33,4137.68,1061867.2
2011/7,21390.37,156336.44,152184.47,4151.97,46336.8,27145.97,158763.69,23129.74,440895.95,127577.62,51096.64,743054.07,716756.07,225362.56,160322.32,331071.18,22254.33,7388.94,14865.38,4043.68,5595.33,63482.81,43599.89,8034.14,71408.99,27503.66,4043.68,1052673.21
2011/8,21019.24,158250.32,154066.23,4184.09,47365.55,25794.17,159776.91,26409.45,445021.69,129447.81,53086.73,749989.87,722883.18,227618.49,163846.37,331418.33,22652.98,7362.5,15290.48,4453.7,5772.99,65133.16,45793.98,7963.64,72027.08,27665.5,4453.7,1066171.85
2011/9,20353.6,164084.22,159026.33,5057.9,48174.72,23719.83,161523.02,29079.3,448124.97,131215.73,51949.77,760469.34,732945.6,220047.87,171105.43,341792.29,22757.37,7020.91,15736.46,4766.37,6081.67,69259.03,40497.75,8178.36,72964.02,27788.26,4766.37,1078225.16
2011/10,22162.62,165082.45,160603.45,4479.0,48550.97,22655.99,156985.6,27234.9,454425.91,132484.99,53755.44,747321.0,726837.67,229973.28,162366.28,334498.11,16021.17,6707.47,9313.7,4462.16,8650.16,65577.41,53540.18,8226.66,73779.32,27895.1,4462.16,1083338.87
2011/11,22298.27,168189.94,163783.08,4406.86,48972.88,20617.05,161660.11,29104.52,459637.1,133866.22,56679.71,754276.18,733366.34,234099.11,162640.0,336627.23,16405.07,6860.64,9544.42,4504.77,6660.68,71479.03,55846.54,8191.32,74245.36,28084.01,4504.77,1101025.79
2011/12,24211.74,173004.06,167902.49,5101.57,49697.85,22323.96,179466.04,34329.18,465395.19,135214.36,54224.67,780043.92,758512.74,239099.23,166616.04,352797.47,16809.07,7118.48,9690.59,4722.11,6763.86,85081.98,52210.89,7765.86,75409.69,28642.0,4722.11,1137867.06
2012/1,25061.18,176813.39,168894.41,7918.97,49162.18,21380.75,169615.65,32051.56,472184.29,136756.74,53049.72,768379.55,746708.51,210189.68,165954.96,370563.88,17383.4,6780.43,10602.98,4287.64,18715.58,76511.47,57333.42,8297.64,75599.57,28753.48,4287.64,1136075.46
2012/2,26163.25,171111.86,166201.12,4910.74,49951.01,22101.45,183387.67,33925.63,479791.01,137405.27,55259.97,782916.09,759985.27,218863.33,168850.63,372271.31,18927.58,6927.07,12000.51,4003.25,6897.45,85199.45,63201.67,8334.06,78250.54,28849.66,4003.25,1159097.12
2012/3,27857.32,176421.97,171639.13,4782.85,49853.23,22898.75,209443.65,40258.88,488787.6,140202.5,53184.78,816395.4,791762.37,228402.38,177916.53,385443.46,20468.7,7032.69,13436.0,4164.34,7619.6,99761.62,60329.0,8637.3,80404.83,29028.61,4164.34,1208908.69
2012/4,29735.76,173569.31,169032.74,4536.56,50429.32,20610.49,205974.09,35057.94,493126.61,141631.86,55663.76,809637.96,783551.38,224784.5,179840.99,378925.88,21842.22,7006.15,14836.08,4244.36,7873.78,96707.17,62731.95,8804.95,81302.94,29152.04,4244.36,1205799.14
2012/5,30633.47,172420.11,167952.03,4468.08,50191.25,20908.06,211979.92,35129.3,499626.32,143743.98,57792.02,819861.33,792529.05,229616.6,181670.46,381242.0,22778.86,6966.28,15812.58,4553.41,8179.7,97101.26,64449.49,8824.18,82875.24,29319.75,4553.41,1222424.43
2012/6,32057.32,178259.33,173249.68,5009.66,51144.37,19392.54,233288.44,43374.46,507098.07,146439.2,57630.24,850305.55,821146.74,238241.53,186605.61,396299.6,24465.36,7541.83,16923.54,4693.44,10239.47,108075.99,60753.5,9661.35,85313.96,29603.75,4693.44,1268683.98
2012/7,32450.8,175435.61,170734.06,4701.55,51836.67,17354.93,218128.46,36490.82,511494.59,148249.29,58897.61,842445.45,812482.23,233384.83,188282.37,390815.03,25015.75,7267.01,17748.74,4947.47,8863.44,95605.81,63341.71,9110.08,86607.41,29661.41,4947.47,1250338.78
2012/8,32677.66,177881.73,173047.71,4834.02,54252.15,16400.77,214673.23,36176.36,515985.71,151036.95,60682.42,847388.67,817403.26,235504.2,190002.31,391896.75,25289.31,7338.32,17950.99,4696.1,11263.38,92552.56,63385.06,9337.5,87868.73,29908.3,4696.1,1259766.99
2012/9,31760.65,182267.8,176523.51,5744.29,54886.77,15461.48,222477.76,45233.72,520718.03,154318.86,58580.89,867498.37,837186.75,233354.72,200657.45,403174.58,25097.59,7463.6,17634.0,5214.02,14714.05,98311.78,58809.9,8790.43,88415.52,30072.1,5214.02,1285705.97
2012/10,30879.84,182722.45,177768.83,4953.62,55406.35,15065.54,212112.14,41136.6,525470.77,155772.29,61644.22,860685.62,830016.9,241842.07,191726.59,396448.24,25288.61,7975.69,17312.92,5380.12,17292.99,91280.56,60385.1,8710.85,88623.99,30219.6,5380.12,1280210.2
2012/11,29724.55,182043.86,177025.54,5018.33,55379.32,14387.97,218383.05,41848.56,529529.15,158138.82,63196.86,865901.65,835626.88,244490.93,192173.76,398962.19,25102.04,8085.39,17016.66,5172.73,13586.77,95978.15,62123.13,8795.17,90324.2,30330.24,5172.73,1292632.15
2012/12,28798.51,197132.46,191146.29,5986.17,56123.29,12708.95,237024.57,50519.92,534132.68,160193.84,60228.57,891427.87,861307.17,254004.46,195940.13,411362.59,24454.11,8036.07,16418.04,5666.58,13903.05,108636.25,62999.21,9900.25,92318.27,30725.27,5666.58,1336862.79
2013/1,27723.16,190024.58,183655.68,6368.9,56128.84,13136.86,241343.44,49227.99,542722.66,164858.87,65439.35,901583.49,870481.38,248778.91,202559.15,419143.32,25018.03,8028.59,16989.43,6084.08,11936.3,106441.39,64567.04,10084.0,92667.47,30397.04,6084.08,1350605.74
2013/2,27746.61,191255.88,184154.0,7101.88,55828.77,13655.22,243692.65,47892.82,549301.3,166078.76,66232.25,908402.13,877665.95,235789.59,204964.77,436911.59,25359.43,7896.63,17462.8,5376.75,10435.61,106427.95,67431.7,11090.97,93324.07,30437.53,5376.75,1361684.24
2013/3,28622.03,197788.45,191918.13,5870.33,55998.33,15209.93,262063.19,58337.31,559589.05,169895.24,66392.12,952641.85,920178.2,255437.78,215732.94,449007.48,26890.17,8069.95,18820.22,5573.48,8881.29,111646.03,64524.71,11971.56,95986.0,30552.29,5573.48,1413895.66
2013/4,29147.26,195424.39,190108.95,5315.44,57106.25,14574.73,258747.35,50989.16,565912.63,173587.21,68220.06,947710.32,915412.3,252041.27,223899.56,439471.46,26783.59,7876.57,18907.02,5514.44,9170.42,107714.8,67990.75,12947.4,97323.72,30642.86,5514.44,1413709.04
2013/5,28938.34,194407.98,189202.79,5205.19,58307.73,13208.41,262053.61,53923.68,568568.56,177377.93,69934.88,957154.51,925198.36,255773.08,227155.12,442270.15,26498.94,7958.47,18540.47,5457.21,10007.66,107611.03,69155.81,13407.48,98376.22,30737.27,5457.21,1426721.12
2013/6,28686.42,203119.83,197352.41,5767.41,58587.49,10183.55,259553.69,62362.19,573036.26,180785.31,70700.07,972848.07,940875.55,259435.91,228029.08,453410.56,26580.6,8227.78,18352.82,5391.91,14428.86,107641.31,65250.27,12731.7,99129.65,30995.81,5391.91,1447014.81
2013/7,27942.68,199407.73,194156.85,5250.87,59499.49,8463.48,249807.43,59688.16,578023.44,183809.26,70928.85,962700.27,931524.67,256183.68,226038.66,449302.32,25518.6,7838.66,17679.95,5657.0,14245.97,101649.79,72383.47,12931.78,99823.46,31256.12,5657.0,1437570.5
2013/8,28288.25,201711.34,196325.77,5385.56,60340.79,6714.09,249282.47,61044.62,581988.72,187172.35,73558.13,970528.97,938870.22,259160.56,229495.56,450214.1,26127.59,7928.0,18199.59,5531.15,15317.94,97947.28,73375.2,13705.0,101189.0,31477.94,5531.15,1450100.74
2013/9,27768.63,206057.31,199508.73,6548.58,60748.12,6135.86,253805.32,66985.06,589767.9,190629.91,71913.72,989356.03,956876.28,255837.81,239080.28,461958.18,26844.3,7666.78,19177.52,5635.45,15030.26,102469.5,69570.32,14772.2,101362.22,31651.75,5635.45,1473811.82
2013/10,28082.44,202117.1,196480.66,5636.44,61767.31,6001.37,249803.84,64199.18,593174.74,192624.95,83228.81,981236.43,947041.83,263913.66,230220.99,452907.18,26601.47,7807.58,18793.89,7593.13,13868.91,102394.22,73986.32,16000.78,102653.96,31742.07,7593.13,1480999.74
2013/11,28393.79,203008.64,197390.88,5617.76,61951.94,7790.54,252520.44,67515.44,594993.02,195178.45,86901.77,987091.12,952748.73,268380.65,230549.5,453818.58,26779.44,7523.82,19255.62,7562.95,13835.97,106614.16,76668.49,16867.06,102868.35,31887.01,7562.95,1498254.03
2013/12,28814.09,211775.57,205369.11,6406.46,62341.47,10301.42,260441.97,72592.28,599575.15,196863.63,82045.96,1012778.84,978444.31,278716.61,232696.58,467031.12,25940.33,7453.98,18486.35,8394.2,11663.21,110397.95,74804.7,17973.0,103672.07,32545.82,8394.2,1524751.55
2014/1,28191.57,210650.25,201385.9,9264.34,62356.56,7786.9,258181.45,72509.11,608952.91,201651.24,84178.99,1001741.79,967510.41,238411.96,244131.54,484966.91,26952.49,6794.41,20158.08,7278.9,19788.47,106444.06,85889.44,20295.37,103844.44,32589.65,7278.9,1534458.97
2014/2,28761.45,211187.94,204208.94,6978.99,62322.14,11371.75,269310.13,76233.31,615472.45,202171.31,86839.22,1017173.36,982369.0,254304.16,242008.51,486056.34,27665.05,7119.33,20545.73,7139.3,12431.44,111400.99,92199.78,21878.17,105600.92,32667.93,7139.3,1563669.69
2014/3,29878.58,216345.26,209858.83,6486.43,62057.03,15966.26,279594.95,84026.66,625036.79,206015.88,84969.77,1056770.74,1020532.64,269354.44,250779.04,500399.16,28640.34,7252.95,21387.4,7597.75,11690.8,112139.8,86323.25,24025.02,108253.93,32887.59,7597.75,1603891.18
2014/4,31071.53,213954.83,208048.0,5906.83,62978.18,13543.57,282918.64,89381.65,629145.02,208791.67,85933.68,1046740.07,1010269.41,265866.98,256490.25,487912.18,29327.18,7253.97,22073.21,7143.48,11959.21,113626.42,106277.25,25071.87,109546.05,33018.35,7143.48,1617718.76
2014/5,33007.33,215575.43,209932.41,5643.02,63879.25,12638.3,288499.1,92762.62,634573.91,211895.89,88621.78,1058533.09,1020322.35,269788.46,261047.92,489485.97,31463.24,7581.7,23881.54,6747.5,12434.9,115870.73,109891.89,25242.42,111357.49,33151.1,6747.5,1641453.6
2014/6,35152.0,223025.06,216715.67,6309.39,64635.87,10314.4,293407.49,103161.64,642770.47,215432.3,85777.96,1097645.59,1058205.54,284536.39,265644.22,508024.93,32791.61,7927.87,24863.74,6648.44,15284.61,114185.57,98502.35,24835.02,113378.4,33446.25,6648.44,1673677.19
2014/7,35379.06,219050.19,213300.55,5749.64,66536.5,8577.76,285516.58,94852.09,644068.94,217458.85,88400.13,1073907.73,1033683.54,274000.81,262742.88,496939.84,33496.93,7971.5,25525.44,6727.26,15648.99,111686.8,108346.01,25535.25,114313.98,33597.49,6727.26,1659840.1
2014/8,36228.1,219682.36,213793.25,5889.11,67215.34,7483.81,284311.07,98362.56,648771.37,220141.7,91858.93,1074746.39,1033522.5,274025.62,264733.83,494763.05,34235.85,8318.92,25916.94,6988.04,16243.45,112465.13,110634.87,26340.21,117118.68,33682.67,6988.04,1674055.23
2014/9,35940.34,226343.41,219643.68,6699.73,68561.84,7579.16,278523.25,98660.85,655324.05,223057.43,88931.21,1086315.72,1044834.16,268375.22,272197.01,504261.93,33008.22,7814.61,25193.61,8473.34,21889.63,107682.25,103207.21,25231.88,118474.43,33901.26,8473.34,1682921.55
2014/10,37048.75,221546.01,215460.84,6085.17,69606.12,7367.58,278290.04,99705.41,659118.7,224625.92,83782.53,1076704.8,1035475.09,271926.09,264804.73,498744.26,32557.72,8668.89,23888.84,8671.99,25030.26,107762.52,111096.98,26035.64,120446.46,34412.38,8671.99,1681091.06
2014/11,36419.85,221222.22,215159.92,6062.3,70396.46,6905.29,278046.45,103440.83,666358.58,227040.33,86998.63,1082932.66,1041244.86,276675.6,265229.24,499340.03,32121.16,8250.16,23871.01,9566.63,24895.01,108216.38,113801.45,25379.96,122016.6,35241.07,9566.63,1696828.65
2014/12,36688.97,233488.7,226596.97,6891.73,71009.6,6563.98,280389.25,111553.5,673285.68,229215.56,79834.63,1102202.55,1060730.71,287796.88,264055.71,508878.12,31135.85,8156.7,22979.15,10335.99,26616.72,111117.85,112400.75,25087.62,123119.42,36410.44,10335.99,1722029.88
2015/1,37621.89,224801.6,218381.03,6420.58,70714.07,6559.86,276111.37,118514.07,685543.93,233419.18,85750.47,1114699.29,1069582.47,285065.77,271425.81,513090.88,34172.79,8404.85,25767.94,10944.04,29565.21,105354.54,114680.35,23544.9,125711.48,36540.35,10944.04,1739036.45
2015/2,39112.91,225475.33,215449.59,10025.74,70443.53,6556.29,273129.76,119535.68,696125.73,235491.32,86374.33,1119278.68,1073577.48,261543.03,273552.95,538481.5,35281.56,8722.69,26558.87,10419.65,35933.96,104413.88,116771.76,22481.47,126556.78,36647.74,10419.65,1752244.88
2015/3,40915.72,233400.5,226272.23,7128.27,70692.07,6568.56,279793.79,129197.82,705300.56,237989.11,86129.97,1143385.8,1095143.67,275260.72,275189.3,544693.66,36494.53,8965.94,27528.58,11747.61,34526.73,107778.75,122365.09,20945.54,129897.12,37711.26,11747.61,1789988.1
2015/4,39842.89,232038.0,225683.12,6354.88,71098.47,6487.29,283438.01,132624.45,710601.52,240883.0,89328.85,1138551.43,1091145.95,275615.79,281461.97,534068.19,35172.94,8443.7,26729.24,12232.54,34886.96,110474.94,134291.0,21265.71,132910.24,37951.13,12232.54,1806342.49
2015/5,40085.29,228202.72,222013.61,6189.11,72186.82,10271.21,297599.35,145768.57,718970.53,243973.81,91542.84,1148219.37,1100492.03,284009.89,286886.92,529595.21,34374.24,8619.25,25754.98,13353.11,35248.77,116718.53,152680.68,20644.9,137394.5,38120.17,13353.11,1848601.14
2015/6,40914.79,233976.54,227468.93,6507.61,78661.52,6429.01,302876.28,152369.11,729636.71,248561.96,86872.17,1173335.92,1125935.0,297478.59,289329.28,539127.13,34231.37,8508.81,25722.56,13169.55,32126.43,118407.41,154896.51,21344.34,139064.65,38912.39,13169.55,1880298.08
2015/7,42050.36,228063.3,222006.42,6056.88,83374.98,6382.01,299574.89,165493.32,736399.03,251290.59,88710.01,1173737.8,1125466.09,294111.49,292949.0,538405.6,34464.1,8554.21,25909.89,13807.61,28311.82,119738.4,172782.53,20271.58,140809.35,40395.79,13807.61,1901338.48
2015/8,46575.95,229151.52,222629.55,6521.97,86771.07,6394.91,301258.22,162839.04,743483.6,254799.91,97132.49,1189994.84,1136865.94,303731.94,292911.89,540222.11,37701.65,9373.8,28327.85,15427.25,36040.2,115186.6,165892.68,18551.55,144809.77,40692.34,15427.25,1928406.74
2015/9,43382.85,224109.93,216678.06,7431.86,91111.29,6402.74,301713.57,159791.89,752394.89,258909.64,95715.91,1203731.68,1149839.15,303393.93,298571.22,547874.0,36664.59,9381.15,27283.43,17227.95,31295.57,117974.71,152605.04,16778.72,147648.53,40735.85,17227.95,1933532.71
2015/10,41879.47,221028.47,214857.37,6171.1,94284.66,6406.94,298774.68,162785.51,774222.76,260526.08,86257.5,1217470.46,1146621.79,315905.97,288757.95,541957.87,36555.47,10076.88,26478.59,34293.2,32984.28,118579.72,158275.73,15617.51,150024.55,40885.12,34293.2,1946166.07
2015/11,41004.45,216803.66,210196.49,6607.17,100540.77,6362.56,303438.7,168381.78,783165.63,264276.8,77492.49,1226823.46,1157156.67,327290.08,287032.63,542833.96,35830.43,9860.54,25969.88,33836.36,34485.28,124998.62,160002.6,14516.21,153439.3,41597.77,33836.36,1961466.83
2015/12,41594.51,219330.07,212660.73,6669.34,110163.34,6229.24,314186.47,176579.37,783762.11,267325.9,72385.48,1249742.73,1178051.0,337736.86,288240.66,552073.48,36439.86,10806.19,25633.66,35251.87,33638.06,131306.03,155914.9,12978.41,160003.65,42994.68,35251.87,1991556.48
2016/1,42714.34,220080.43,213211.52,6868.9,110559.71,6190.15,301050.82,208911.73,790488.79,273336.41,77819.72,1271092.52,1195415.97,340159.13,294289.2,560967.63,37966.89,10520.62,27446.27,37709.67,54883.62,125949.77,152084.65,11311.54,163416.56,43080.23,37709.67,2031152.1
2016/2,41491.81,224077.97,215105.08,8972.89,110712.3,6199.62,296775.5,214633.03,800497.28,273301.67,80198.77,1275365.8,1198137.89,323083.2,294042.64,581012.06,38392.04,11070.61,27321.43,38835.86,55368.66,124447.68,160888.85,11321.3,167168.57,43193.82,38835.86,2047887.95
2016/3,41063.46,221686.94,214985.66,6701.27,117323.34,6160.88,300636.14,224021.44,809470.17,279690.98,75906.17,1314172.28,1234409.16,346930.1,300623.37,586855.68,38640.09,11354.26,27285.83,41123.03,46855.28,123721.19,150575.65,11878.5,172910.91,43988.16,41123.03,2075959.53
2016/4,41023.16,218508.24,212455.51,6052.73,129271.34,5959.16,293033.62,224869.79,809145.72,283866.98,80811.26,1310807.38,1230015.27,349101.67,303423.88,577489.72,38742.0,11038.94,27703.06,42050.11,50038.57,122419.81,154827.88,12209.97,174302.23,44032.82,42050.11,2086489.27
2016/5,41562.36,220246.4,213988.86,6257.54,134890.76,5805.47,293461.15,232206.02,815875.29,289548.48,83848.42,1325669.21,1241940.32,361469.99,302474.13,577996.21,38950.72,11000.07,27950.65,44778.17,51448.56,124697.43,161106.99,12613.46,176772.83,44110.57,44778.17,2117444.33
2016/6,42585.43,230116.56,223904.6,6211.96,145390.81,5695.55,304319.78,242536.71,821461.39,296514.34,81626.14,1356212.53,1270047.46,380824.81,301673.99,587548.66,39130.29,11064.6,28065.68,47034.79,60246.77,131786.23,160883.66,13119.28,181274.72,44340.39,47034.79,2170246.7
2016/7,42508.92,225121.87,219149.96,5971.91,149067.6,2799.45,302995.45,244791.84,823052.65,301046.51,84139.28,1352713.36,1266564.52,379658.42,301688.23,585217.87,38726.21,11620.38,27105.83,47422.64,59052.83,132335.23,165706.74,12507.83,185295.51,44566.18,47422.64,2175523.57
2016/8,45159.14,226398.39,220138.97,6259.42,156777.91,1284.97,303349.84,251616.87,821746.73,307702.02,87946.78,1372172.65,1288267.52,391088.9,307806.49,589372.14,39066.7,11989.6,27077.09,44838.43,59245.38,133578.18,163016.87,12908.74,188872.46,45017.43,44838.43,2201982.66
2016/9,46034.22,230545.77,223693.91,6851.86,161514.36,677.21,304521.91,251143.08,825631.79,313984.13,82685.66,1387791.35,1303229.32,389271.63,315077.15,598880.53,40162.25,12078.45,28083.8,44399.78,64388.36,135593.43,151793.89,12780.13,191976.93,45343.06,44399.78,2216738.13
2016/10,46708.76,231140.88,224712.84,6428.03,166129.66,600.48,304778.99,256259.61,830058.77,318198.42,89819.71,1392499.4,1303297.26,401231.71,307895.68,594169.86,41818.65,12747.41,29071.24,47383.49,74974.96,136959.76,156171.14,11781.91,192765.2,45915.65,47383.49,2243695.27
2016/11,48801.72,232340.77,225940.45,6400.32,170770.1,522.08,305619.7,259488.5,837725.7,324813.41,92044.79,1413429.65,1316943.74,410502.04,309067.58,597374.12,43855.3,13554.32,30300.98,52630.61,79982.82,136790.46,153603.42,12903.39,195276.54,46133.51,52630.61,2272126.78
2016/12,50019.57,246447.18,239866.61,6580.57,172140.19,525.23,315878.2,265298.63,836467.9,329543.65,87435.13,1420678.69,1329747.18,418253.37,307989.61,603504.2,44874.49,14028.43,30846.06,46057.02,87879.65,144836.81,157274.92,12672.74,201110.89,46946.84,46057.02,2303755.7
2017/1,52382.92,226870.34,216706.38,10163.96,173104.25,536.06,311394.21,274545.84,844232.95,336892.84,118918.62,1426694.39,1338630.83,385927.84,317957.26,634745.73,45145.77,13237.41,31908.36,42917.8,94354.18,138852.82,157925.85,13841.15,203060.93,47174.42,42917.8,2338878.01
2017/2,52332.99,236596.32,228961.25,7635.07,173063.98,524.59,308360.91,277031.24,849690.32,339947.47,107565.42,1440407.25,1352347.8,404799.91,311667.58,635880.32,47053.2,14191.37,32861.83,41006.24,91564.6,134090.54,164353.95,14692.13,208030.11,47203.9,41006.24,2345113.25
2017/3,52878.54,239252.18,232610.62,6641.56,175020.18,522.15,311844.58,277853.48,852221.87,347851.23,103578.27,1469485.35,1380626.9,420165.04,317183.42,643278.44,48587.66,13976.95,34610.71,40270.79,83858.15,133599.68,154081.5,15276.55,213157.16,47579.29,40270.79,2361022.48
2017/4,52635.45,236746.9,230705.39,6041.51,179433.79,521.34,300195.8,274666.49,856414.01,353501.42,105709.55,1458744.04,1370873.13,421787.82,318092.78,630992.53,48847.08,13905.01,34942.07,39023.83,87596.04,123165.31,161447.49,16296.91,216410.0,47816.22,39023.83,2359824.74
2017/5,51170.68,237024.31,230611.33,6412.97,184280.44,521.83,299439.07,270475.94,859976.09,359624.38,108875.74,1463203.0,1376212.11,429056.58,314929.83,632225.7,48735.23,14356.21,34379.02,38255.67,88713.32,124877.93,161309.18,16965.02,214516.45,47959.08,38255.67,2371388.46
2017/6,52266.2,243284.63,236993.63,6290.99,189320.08,2.59,296901.52,284540.96,866964.1,367009.24,103915.04,1491234.21,1403185.46,443250.48,317003.07,642931.9,49138.78,14682.81,34455.97,38909.97,90883.78,122164.57,163226.83,18166.79,218171.63,48157.72,38909.97,2404204.36
2017/7,52342.46,237297.88,231167.23,6130.65,197698.05,2.59,289849.22,280104.44,870614.96,372538.11,104043.58,1482019.48,1393284.88,443355.54,314699.58,635229.77,48826.79,14835.69,33991.11,39907.81,96024.86,115610.64,172725.83,19515.91,219392.14,48383.63,39907.81,2404491.3
2017/8,51376.69,240317.19,234050.96,6266.23,201149.52,2.59,293442.8,280116.71,877622.13,379032.75,106688.18,1497641.75,1406338.45,450562.94,317888.57,637886.94,47399.8,14479.55,32920.26,43903.49,90457.27,119813.83,174931.25,20426.03,221420.38,48619.31,43903.49,2429748.57
2017/9,53361.16,242297.4,235419.45,6877.95,206014.99,2.59,292933.11,278499.63,879634.6,386204.79,102809.16,1511037.38,1423078.51,448114.5,326614.31,648349.7,46694.24,13811.31,32882.94,41264.62,93244.86,119269.64,166741.52,20140.14,223471.8,49343.02,41264.62,2441757.45
2017/10,53852.29,242651.58,236337.41,6314.17,210212.7,2.59,290177.26,278392.53,881191.82,390544.11,106902.35,1505057.99,1417738.4,457746.5,319740.97,640250.93,46694.0,14473.55,32220.45,40625.59,101467.32,118633.92,171433.17,21095.44,223518.57,49628.61,40625.59,2453927.22
2017/11,54156.99,243513.49,237285.49,6228.0,216551.17,2.59,295253.17,281549.57,885114.57,396546.33,109002.82,1516194.21,1429213.36,466941.89,320651.87,641619.6,46805.99,14769.76,32036.23,40174.86,104762.32,121983.45,176261.61,21040.32,225742.65,49967.97,40174.86,2481690.7
2017/12,53482.42,256108.11,249680.13,6427.98,218244.08,0.0,296042.86,280616.8,889011.43,399669.14,104048.92,1531978.63,1442682.27,473144.55,320196.23,649341.5,47043.42,15266.53,31776.89,42252.94,105470.08,126116.07,168350.54,20479.05,225877.02,51828.47,42252.94,2497223.76
2018/1,56454.28,230492.35,223571.45,6920.9,224066.91,0,290198.65,291755.62,907099.57,408562.0,103319.76,1552147.35,1455204.89,468610.84,328169.8,658424.25,48139.49,15255.36,32884.13,48802.97,94666.82,121814.21,182949.96,19950.04,225329.41,51766.91,48802.97,2511949.13
2018/2,56601.69,234146.03,224092.48,10053.56,224449.29,0,285868.7,285977.49,914599.42,411286.74,104665.03,1548988.3,1453219.87,435611.75,330531.73,687076.39,48109.75,15716.69,32393.06,47658.68,99017.28,117704.04,185843.3,20154.3,227729.95,51838.83,47658.68,2517594.39
2018/3,55832.74,244963.13,238203.17,6759.96,226080.86,0,283166.59,281990.8,921704.53,417090.85,101405.82,1573169.12,1476017.03,450847.45,332605.89,692563.69,48087.93,15642.98,32444.96,49064.16,95168.1,112176.0,179402.83,19733.67,230069.3,51908.07,49064.16,2532235.32
2018/4,56160.04,230474.36,224324.59,6149.78,230414.33,0,279778.29,274305.97,924912.71,422419.96,103814.87,1561542.52,1468505.61,453971.31,335348.35,679185.94,47137.85,14745.37,32392.48,45899.06,88331.78,111014.75,184044.88,19654.15,230032.68,51976.98,45899.06,2522280.54
2018/5,56519.87,229952.2,223814.41,6137.79,232310.73,0,279693.16,273536.1,926259.91,428539.95,105051.68,1563044.74,1473899.03,456501.91,336063.23,681333.9,46885.13,14695.08,32190.05,42260.58,91705.57,108953.03,184548.62,18541.28,235234.78,52169.93,42260.58,2531863.6
2018/6,57794.57,244261.4,238192.99,6068.41,237190.21,0,282344.92,273811.88,937323.23,435680.0,101297.61,1591689.75,1501221.44,474355.38,334425.29,692440.77,47684.68,15028.96,32655.72,42783.62,94314.95,110739.06,184889.67,19713.55,236917.4,52832.4,42783.62,2569703.82
2018/7,58884.25,236452.65,230476.41,5976.24,243386.48,0,282961.87,268812.17,949093.41,441980.08,100708.43,1587851.33,1492426.32,467093.7,335935.49,689397.13,47497.06,15045.15,32451.91,47927.94,93406.4,112727.37,194492.17,19863.01,238423.12,53058.21,47927.94,2582279.36
2018/8,58951.92,234265.05,228296.28,5968.77,250682.74,0,279910.46,263216.19,959927.33,448912.41,103248.4,1603248.64,1503231.35,468549.25,341834.17,692847.93,47522.52,15329.58,32192.94,52494.78,94815.31,109906.56,191123.14,20349.1,239700.88,53184.89,52494.78,2599114.5
2018/9,59781.76,238906.92,232043.95,6862.97,258490.61,0,280218.03,259093.28,967286.96,456322.69,100213.9,1624130.19,1523402.86,467319.82,349826.79,706256.25,46714.11,14651.96,32062.15,54013.21,99761.61,107847.99,182568.64,19848.77,242695.69,53358.06,54013.21,2620314.15
2018/10,61393.72,219735.37,213354.93,6380.44,260776.64,3800,284188.42,258424.89,970229.41,461872.78,104475.78,1616670.05,1513664.79,470021.74,340815.59,702827.46,46678.65,15141.59,31537.06,56326.6,94649.73,111283.45,187672.85,20512.99,246005.15,53525.45,56326.6,2624897.01
2018/11,60164.85,224706.74,218844.84,5861.91,261198.41,3000,288096.58,260408.36,974798.23,468337.22,110304.92,1627542.05,1525362.45,472935.36,342190.73,710236.37,46093.58,15249.7,30843.88,56086.02,94472.7,112683.89,191311.96,20686.96,250415.07,53681.45,56086.02,2651015.32
2018/12,60146.25,243160.75,237223.65,5937.1,264352.83,0,287239.04,258693.77,977946.45,472762.37,103033.45,1641200.71,1540344.99,478477.5,340178.91,721688.57,45211.42,15355.91,29855.51,55644.31,104474.77,108915.86,184310.6,20893.74,255387.56,54212.7,55644.31,2667334.9
2019/1,61128.8,220047.36,211741.16,8306.2,268583.29,0.0,289879.1,265072.21,1004971.1,482355.18,108610.67,1675885.16,1574164.52,458167.84,355604.75,760391.93,45034.18,14763.52,30270.66,56686.46,106530.41,109262.86,175651.74,20372.87,258526.2,54697.94,56686.46,2700647.72
2019/2,61362.09,219106.9,211059.37,8047.53,273328.94,0.0,294093.96,259597.0,1012407.55,481794.81,109212.69,1680306.87,1578156.93,447705.76,356710.05,773741.13,46474.65,15974.43,30500.22,55675.29,99609.2,110934.4,184299.71,19896.05,260585.31,54722.82,55675.29,2710903.94
2019/3,61767.86,223795.7,217426.6,6369.1,276758.3,0.0,294875.95,259582.94,1023574.63,490709.08,109324.64,1716456.29,1614255.57,472633.97,359015.48,782606.12,46938.67,15017.88,31920.79,55262.05,99705.13,108128.8,172181.03,18975.24,263847.38,54821.42,55262.05,2740389.1
2019/4,60663.18,219855.2,214038.39,5816.81,278556.05,0.0,294819.44,252140.04,1027133.09,495957.2,110278.56,1709750.84,1608230.12,466648.84,365304.79,776276.48,46846.92,14349.75,32497.17,54673.81,100112.76,107318.13,175692.07,18555.28,265509.35,55268.58,54673.81,2739402.77
2019/5,61878.32,227323.01,221706.0,5617.01,281682.11,0.0,291486.4,249499.77,1032038.66,502565.25,112694.47,1715745.39,1615173.56,471557.18,364890.78,778725.61,46873.9,14233.45,32640.45,53697.93,106059.71,103444.62,176564.22,18736.31,269419.6,55435.84,53697.93,2759168.0
2019/6,62599.9,236258.71,230602.81,5655.91,286710.93,0.0,295166.31,253444.78,1040312.12,510065.9,109708.29,1749286.6,1647479.09,495115.22,362162.76,790201.11,47447.74,14926.96,32520.77,54359.77,108056.97,107772.27,171808.87,18487.27,268945.81,57148.66,54359.77,2794266.96
2019/7,62383.18,223397.77,217964.64,5433.13,292430.99,0.0,289651.25,244783.59,1044270.28,515233.17,110452.21,1734641.86,1632613.32,480353.86,363148.41,789111.05,46573.76,14354.67,32219.09,55454.78,94203.72,106077.04,187038.01,18712.62,268643.18,58707.23,55454.78,2782602.45
2019/8,63683.81,221364.44,215764.48,5599.95,297921.1,0.0,292710.5,243994.65,1060715.63,521756.68,115004.91,1753725.41,1642426.61,483645.46,366889.18,791891.96,46806.37,14094.67,32711.7,64492.43,91091.88,108640.55,193523.73,18880.45,270279.39,58890.54,64492.43,2817151.71
2019/9,64271.44,225914.74,219826.81,6087.94,300127.82,0.0,290077.06,240994.89,1072307.21,529226.71,110958.59,1778064.83,1664763.53,483008.2,374318.07,807437.27,46835.37,14018.91,32816.46,66465.93,90790.32,106141.89,186008.05,18939.77,272586.06,61714.23,66465.93,2833878.45
2019/10,64008.86,217893.6,212299.18,5594.42,301545.85,0.0,291609.51,238347.31,1073320.34,533358.65,115434.65,1765688.25,1651893.09,484748.52,365733.05,801411.52,47986.47,15274.72,32711.75,65808.69,90019.78,107516.85,194471.58,18245.52,274820.76,62042.22,65808.69,2835518.77
2019/11,64009.38,221614.2,216252.9,5361.3,302600.96,0.1,291214.08,243049.23,1081655.23,540111.73,116686.9,1775230.9,1659691.61,488512.7,367310.58,803868.34,47920.08,15442.15,32477.93,67619.21,91804.63,107616.35,203907.13,17788.13,276274.99,62674.3,67619.21,2860941.8
2019/12,63618.27,236958.41,231288.83,5669.58,307280.67,0.0,296766.19,246493.07,1085249.79,546351.35,110002.47,1798147.07,1681467.55,498819.68,363486.04,819161.84,48194.51,15660.48,32534.03,68485.01,98826.22,114185.41,198935.37,16815.85,280399.31,64575.78,68485.01,2892720.22
2020/1,65475.22,216056.68,208149.08,7907.6,313515.07,0.0,286031.18,245268.76,1117058.14,552366.04,129209.58,1810388.09,1697380.4,452282.62,383920.71,861177.06,49193.42,15263.82,33929.61,63814.27,110750.97,106561.67,204100.81,17114.05,278861.13,64629.28,63814.27,2924980.65
2020/2,64835.92,211206.48,202896.24,8310.24,315874.16,0.0,297178.09,248955.59,1133166.62,548641.91,121570.82,1822243.88,1704801.29,464513.68,379783.92,860503.7,50268.88,16135.19,34133.68,67173.71,102092.13,114238.89,210075.54,16403.92,280412.0,65016.88,67173.71,2941429.59
2020/3,64484.14,224365.39,216636.65,7728.74,320774.17,0.0,304461.06,260215.31,1159862.59,558609.93,115285.23,1885969.25,1766582.29,492028.08,390274.95,884279.26,49279.73,15202.49,34077.24,70107.22,109647.99,118730.74,195538.38,18561.53,282406.48,66211.21,70107.22,3008057.81
2020/4,64978.33,219371.51,212782.82,6588.69,324253.69,0.0,306240.93,262234.41,1172708.93,565363.01,119692.1,1890677.02,1770735.23,488665.26,405776.09,876293.87,48217.95,14888.5,33329.45,71723.84,111066.58,119924.04,205602.85,19391.9,284146.87,66988.82,71723.84,3034842.9
2020/5,66531.82,218990.02,213008.57,5981.46,334900.19,0.0,305454.2,253965.72,1183930.28,572359.37,124050.32,1908236.24,1787254.18,501404.23,404645.38,881204.57,48171.14,14677.33,33493.81,72810.93,118362.18,118586.46,199215.72,18421.35,285412.13,68019.35,72810.93,3060181.92
2020/6,67183.74,217384.93,211431.23,5953.69,337983.53,0.0,307125.89,257348.62,1192614.55,582070.23,121668.53,1948426.34,1827086.34,524858.56,399039.85,903187.93,50241.03,16798.53,33442.5,71098.98,112609.47,116114.15,192415.61,17768.76,289588.47,68198.92,71098.98,3083380.02
2020/7,68166.37,205380.23,200080.65,5299.57,341669.52,0.0,310534.93,245729.26,1200741.15,589575.94,123517.93,1932306.95,1805052.76,511325.43,397800.88,895926.45,50882.3,17879.7,33002.61,76371.88,107275.17,116005.23,210295.45,17508.28,296225.2,68693.06,76371.88,3085315.32
2020/8,68297.11,205927.0,200534.97,5392.03,350584.23,6.17,311190.52,245026.26,1211153.62,597894.1,128845.56,1952772.09,1821449.95,521246.39,400253.63,899949.94,51691.08,18656.69,33034.39,79631.05,114131.7,112821.04,206629.79,17057.69,302486.06,69283.08,79631.05,3118924.57
2020/9,69990.7,219441.36,213748.76,5692.6,355754.94,6.17,311280.51,245142.09,1218410.76,607405.65,121551.23,1976994.74,1847107.55,519941.25,407659.25,919507.05,52849.76,19161.8,33687.96,77037.43,119562.53,110277.61,204214.9,17474.91,307571.96,70577.36,77037.43,3148983.4
2020/10,70934.69,207674.24,202352.97,5321.27,357929.94,6.17,307995.76,236131.83,1220961.65,611686.42,126784.89,1960933.39,1831026.15,528145.97,393029.58,909850.6,53546.11,20749.73,32796.38,76361.13,120903.97,107463.39,207452.87,18081.79,309355.55,70756.89,76361.13,3140105.57
2020/11,68537.62,219638.76,214346.91,5291.85,359271.09,6.17,314756.19,241871.97,1228287.62,619113.0,130591.2,1975576.64,1845262.38,537038.56,391958.56,916265.25,53864.22,21862.3,32001.92,76450.04,125071.52,113659.48,216698.34,17051.32,311649.88,71903.26,76450.04,3182073.61
2020/12,69050.84,232330.79,226822.03,5508.75,363624.95,6.17,309122.76,241873.46,1229057.23,624433.07,120489.84,1987799.1,1858070.14,541266.46,383837.34,932966.35,53519.4,21941.94,31577.46,76209.56,129521.32,115915.91,209083.25,16638.97,312180.25,73346.09,76209.56,3189989.11
2021/1,70854.19,213666.0,207456.64,6209.36,365941.32,6.17,305943.46,234103.39,1255113.72,636950.14,133059.33,2012661.82,1882685.42,535938.57,398888.93,947857.92,56406.65,22308.16,34098.5,73569.75,127711.21,111201.17,207917.4,17152.02,312979.37,73338.19,73569.75,3215637.72
2021/2,71591.61,214626.19,206722.07,7904.12,366694.63,6.17,309097.3,236356.94,1266477.87,638467.28,131846.96,2013323.52,1884789.85,501562.86,402758.22,980468.77,57717.66,22974.95,34742.7,70816.01,123913.65,113681.19,225318.51,16637.73,314107.9,73373.37,70816.01,3235164.96
2021/3,73276.57,226613.78,220697.93,5915.85,369140.73,6.17,312619.19,247037.28,1282427.35,649889.18,124429.82,2057725.26,1930914.87,529569.53,401306.69,1000038.64,58157.34,22772.77,35384.57,68653.06,121881.83,115871.86,223191.41,15680.14,320735.76,73606.17,68653.06,3285440.07
2021/4,74864.21,217736.84,212490.06,5246.78,371024.36,6.17,306869.97,233606.34,1287329.24,655122.37,130247.07,2038843.12,1911481.92,519618.52,407652.46,984210.94,60215.09,24504.58,35710.51,67146.11,121351.74,112727.79,229434.57,15486.18,322010.29,74547.71,67146.11,3276806.57
2021/5,75072.23,221951.58,216744.55,5207.03,376146.26,6.17,305513.96,237820.43,1292864.51,661312.11,134443.12,2047717.73,1920491.05,532650.6,402495.21,985345.24,60039.76,25163.2,34876.56,67186.91,120531.57,109916.48,237028.98,15407.59,325098.87,75069.96,67186.91,3305130.36
2021/6,75390.48,226402.66,221135.53,5267.13,380893.96,6.17,313684.83,247702.44,1303662.91,669907.26,128369.57,2088782.59,1964921.63,553132.39,403886.44,1007902.81,61083.82,25076.31,36007.51,62777.14,121963.08,114713.44,233336.98,15030.43,326374.0,76586.61,62777.14,3346020.28
2021/7,75726.16,211281.77,206322.17,4959.59,381482.26,6.17,307577.57,237978.5,1305707.87,674041.61,130135.46,2058323.99,1937696.61,535649.48,407866.77,994180.36,59747.54,24802.02,34945.52,60879.84,116630.16,110942.96,244143.63,14982.27,330685.33,76757.05,60879.84,3323937.38
2021/8,76328.2,207475.03,202425.6,5049.43,388518.23,6.17,307808.44,241862.61,1310299.88,679825.06,132276.83,2066243.86,1948069.43,541599.49,408950.37,997519.57,59872.28,24791.54,35080.74,58302.16,116549.2,111114.18,244759.47,14887.09,335677.76,77700.18,58302.16,3344400.46
2021/9,77155.05,221622.54,216062.82,5559.72,395216.56,32.61,309123.26,241534.2,1321353.6,687715.02,126717.07,2092409.88,1975713.87,537778.58,419569.72,1018365.56,59708.93,24572.91,35136.03,56987.08,122910.99,110801.77,244093.18,14207.99,338569.01,78257.98,56987.08,3380469.91
2021/10,77460.62,213073.0,207857.21,5215.79,401586.44,27.19,306425.53,238804.87,1324061.09,692359.47,132446.56,2075803.13,1959327.13,539996.34,413146.22,1006184.57,60383.65,26471.88,33911.77,56092.36,124709.83,107507.03,257020.26,14302.45,342110.94,78910.98,56092.36,3386244.78
2021/11,75782.44,214654.71,209492.28,5162.43,405248.86,27.63,307983.24,244218.6,1328002.31,699743.41,133481.05,2094030.28,1978224.54,550048.64,414661.65,1013514.25,60733.11,26950.48,33782.64,55072.63,118985.83,109868.4,256035.7,14131.13,348616.02,80209.61,55072.63,3409142.25
2021/12,73885.86,222500.4,217160.75,5339.65,412863.01,21.17,311829.89,246908.23,1333788.51,703434.35,125163.69,2116898.59,2002010.94,556618.2,412951.55,1032441.18,59378.57,26309.16,33069.41,55509.08,118576.17,112651.88,253973.53,14995.78,350551.73,81208.22,55509.08,3430395.13
2022/1,75171.98,204599.75,198911.93,5687.82,419411.61,20.69,313649.46,248231.32,1368867.81,711633.66,129014.79,2146876.27,2031766.28,507670.48,437385.2,1086710.6,61371.54,26911.64,34459.89,53738.46,124679.96,113020.25,252647.38,14434.8,350780.65,81648.25,53738.46,3470601.05
2022/2,76961.98,216181.67,209226.91,6954.76,422952.5,28.89,313143.8,246559.35,1381206.27,708384.42,137662.99,2156432.36,2040913.25,524384.41,432729.04,1083799.8,62557.1,28194.7,34362.39,52962.01,125384.1,108349.44,266621.38,14430.94,357059.84,82147.36,52962.01,3503081.89
2022/3,75976.64,226193.23,220597.37,5595.86,428834.64,25.51,320805.46,254970.31,1406256.22,716087.13,131367.28,2215577.25,2101546.13,549921.88,440627.48,1110996.78,62340.73,26320.16,36020.56,51690.39,121211.34,112057.26,260309.47,13104.33,361133.36,82133.96,51690.39,3560516.44
2022/4,77545.4,216776.84,211546.79,5230.05,432514.75,46.79,321551.99,250029.61,1412961.54,714066.95,135203.28,2207663.62,2094123.49,540512.52,449668.85,1103942.11,61947.02,25140.89,36806.13,51593.12,114406.46,114020.33,269846.06,13082.82,359905.21,82879.98,51593.12,3560697.14
2022/5,78917.18,213999.91,208836.61,5163.3,441055.11,83.37,321496.54,257269.09,1425275.73,717039.75,137911.98,2226977.16,2115540.65,549560.66,454597.39,1111382.6,61604.71,25587.78,36016.93,49831.79,113802.19,113846.79,273040.11,12777.1,362122.07,83066.58,49831.79,3593048.66
2022/6,79493.28,222108.91,216891.32,5217.59,457334.95,94.93,332538.43,258683.36,1445570.97,725520.42,133306.3,2282192.37,2171827.88,578363.63,457183.96,1136280.29,62021.21,25905.72,36115.49,48343.28,117755.17,120314.6,266918.09,13387.31,368803.04,83320.96,48343.28,3654651.53
2022/7,77731.95,211825.66,206821.62,5004.04,458781.59,95.41,328109.19,259179.02,1445836.08,726752.13,136606.49,2265377.94,2157582.0,565323.13,459426.67,1132832.2,60474.89,24876.15,35598.74,47321.05,112905.51,119104.22,277496.98,13856.53,367786.76,83652.86,47321.05,3644917.52
2022/8,78153.42,211661.18,206596.33,5064.85,459323.95,152.69,326542.21,258708.9,1457599.15,731316.46,139340.94,2283870.05,2175972.04,567373.82,467432.14,1141166.08,59005.59,23028.52,35977.07,48892.42,110889.33,116610.0,271539.23,14141.28,370873.37,84201.62,48892.42,3662798.9
2022/9,80498.55,225100.61,219721.56,5379.05,463522.29,157.69,333636.57,257928.0,1482874.54,737909.38,135828.74,2319146.56,2208764.19,565863.11,477617.65,1165283.43,58979.61,22645.79,36333.82,51402.76,120054.51,119575.39,269450.87,15264.62,377861.11,84040.9,51402.76,3717456.37
2022/10,79984.22,217280.75,212121.94,5158.81,467582.58,157.76,326130.26,248859.3,1489402.94,737752.68,139116.43,2303407.49,2193320.12,563724.29,469458.35,1160137.48,58307.07,23118.24,35188.83,51780.3,120989.53,112290.26,270898.45,15081.19,380025.47,84121.8,51780.3,3706266.92
2022/11,79891.94,217506.11,212410.6,5095.51,473802.84,134.01,337965.8,252693.25,1493940.3,740467.66,140239.11,2324564.83,2218537.21,567302.49,468411.98,1182822.73,58310.8,23621.06,34689.75,47716.82,118734.8,117224.01,278585.05,15907.89,378757.77,84331.49,47716.82,3736641.03
2022/12,78344.95,236791.01,231484.47,5306.54,475892.76,133.01,350308.2,254785.88,1501256.91,742025.44,126755.81,2340881.21,2240663.17,566968.73,462001.61,1211692.83,56100.68,23349.27,32751.41,44117.36,134995.69,122637.02,274424.0,14547.35,382522.43,84516.04,44117.36,3766293.96
