month,外汇,货币黄金,其他国外资产,对政府债权,对其他存款性公司债权,对其他金融性公司债权,对非金融性公司债权,其他资产,货币发行,其他存款,不计入储备货币的金融性公司存款,发行债券,国外负债,政府存款,自有资金,其他负债,总负债
2008/1,120743.12,337.24,9769.78,16317.71,7075.11,12291.84,44.12,7883.95,40052.01,69425.68,526.08,32306.69,946.86,20056.58,219.75,10929.22,174462.87
2008/2,124427.7,337.24,9034.33,16317.71,7698.33,12291.94,44.12,7910.52,35548.12,71494.65,493.6,36877.58,946.58,20893.44,219.75,11588.17,178061.89
2008/3,127126.09,337.24,9973.49,16317.71,8037.3,12291.74,44.12,7920.1,33437.62,70786.56,492.29,39530.84,948.55,21557.65,219.75,15074.53,182047.79
2008/4,131217.94,337.24,11240.73,16317.71,8049.58,12289.82,44.12,7944.52,33424.51,73042.53,496.74,43018.07,925.58,24753.77,219.75,11560.71,187441.66
2008/5,133518.98,337.24,12484.53,16317.71,8078.35,12249.24,44.12,8018.29,32826.87,75792.58,516.64,43920.33,904.16,27254.8,219.75,9613.33,191048.46
2008/6,134249.44,337.24,14993.48,16279.77,8097.51,12190.11,44.12,7913.27,33075.73,82277.32,528.78,41801.74,904.88,27414.37,219.75,7882.37,194104.94
2008/7,137690.05,337.24,14596.2,16279.77,8433.95,12104.98,44.12,7986.61,33285.24,83161.56,556.86,41717.56,892.35,29130.8,219.75,8508.8,197472.92
2008/8,139521.46,337.24,14480.96,16279.77,8554.1,12103.24,44.12,7943.98,33698.35,83891.46,571.99,42278.96,892.33,28735.76,219.75,8976.27,199264.87
2008/9,143122.88,337.24,14448.76,16233.94,8544.44,12103.44,44.12,8089.58,34876.09,82459.97,584.96,45911.46,892.28,27228.46,219.75,10751.43,202924.4
2008/10,146602.17,337.24,12635.23,16233.94,8477.19,12103.26,44.12,8019.45,34043.37,81671.93,578.24,47429.35,894.36,29322.4,219.75,10293.2,204452.6
2008/11,147032.37,337.24,12571.74,16233.94,8442.71,12083.47,44.12,8054.98,34456.46,84876.25,578.03,46527.1,733.27,27409.31,219.75,10000.4,204800.57
2008/12,149624.26,337.24,12582.02,16195.99,8432.5,11852.66,44.12,8027.2,37115.76,92106.57,591.2,45779.83,732.59,16963.84,219.75,13586.45,207095.99
2009/1,150784.95,337.24,12609.31,16195.99,8378.06,11852.75,44.12,8052.7,47672.66,81980.78,580.49,43521.21,771.49,17618.11,219.75,15890.62,208255.12
2009/2,152156.59,337.24,12606.17,16195.99,8384.18,11852.74,44.12,8039.51,38285.28,87161.62,580.93,42238.11,771.49,17099.31,219.75,23260.04,209616.55
2009/3,153130.79,337.24,12583.1,16195.99,8457.45,11832.51,44.12,8061.47,36853.77,87422.89,596.49,41295.83,750.32,15953.96,219.75,27549.65,210642.67
2009/4,154769.11,669.84,12570.64,16195.99,8479.29,11832.29,44.12,7713.29,37096.03,87170.35,605.8,40795.63,756.17,17815.49,219.75,27815.35,212274.58
2009/5,157638.26,669.84,12584.98,16195.99,8512.79,11820.89,43.96,8556.07,36661.56,86116.35,627.96,41415.23,724.8,22178.18,219.75,28078.94,216022.78
2009/6,159281.11,669.84,11903.75,16073.8,7483.52,11775.8,43.96,8553.62,36720.53,87209.21,629.38,41208.84,723.32,24012.97,219.75,25061.4,215785.39
2009/7,160877.98,669.84,11928.28,16073.8,7512.98,11748.04,43.96,8471.42,37107.01,87638.85,634.7,40460.42,746.94,27374.66,219.75,23143.97,217326.3
2009/8,162093.25,669.84,11928.72,16064.88,7553.54,11737.65,43.96,8473.85,37597.04,86939.03,635.41,40081.2,746.93,28987.17,219.75,23359.14,218565.68
2009/9,166460.89,669.84,12589.51,15676.74,7591.72,11701.0,43.96,7817.24,40504.78,92901.86,635.72,39915.61,746.92,27247.71,219.75,20378.54,222550.91
2009/10,168974.86,669.84,12364.71,15676.74,7778.7,11686.56,43.96,7796.17,38900.51,89875.82,623.91,40563.08,746.92,30302.04,219.75,23759.51,224991.54
2009/11,171638.58,669.84,11343.22,15676.74,8752.4,11623.9,43.96,7858.49,39627.84,94046.62,623.97,40447.01,758.39,30767.82,219.75,21115.73,227607.14
2009/12,175154.59,669.84,9508.57,15661.97,7161.92,11530.15,43.96,7804.03,41555.8,102429.2,624.77,42064.21,761.72,21226.36,219.75,18653.2,227535.02
2010/1,177869.14,669.84,9482.77,15661.97,7129.5,11530.12,43.96,7827.41,44349.17,98470.41,641.77,42380.8,746.7,25275.2,219.75,18130.91,230214.71
2010/2,179412.38,669.84,9476.04,15625.89,7186.46,11525.86,43.96,7823.51,48187.85,104441.56,641.82,41403.32,746.7,22860.75,219.75,13262.19,231763.94
2010/3,182310.84,669.84,9138.28,15625.89,8618.22,11514.57,43.96,8169.07,42836.09,107196.75,649.58,43442.31,746.69,23251.03,219.75,17748.46,236090.67
2010/4,186058.1,669.84,9133.86,15621.19,8715.65,11508.53,43.96,8169.4,43073.77,103954.07,653.14,45610.23,741.53,26657.41,219.75,19010.63,239920.53
2010/5,187177.63,669.84,9021.35,15621.19,8822.75,11508.26,43.96,8431.01,42109.91,105018.33,623.59,46058.44,719.23,30342.19,219.75,16204.56,241296.0
2010/6,188703.99,669.84,8982.51,15621.19,8966.5,11498.54,43.96,8445.52,42566.89,111667.58,612.4,46975.16,719.1,31023.02,219.75,9148.14,242932.04
2010/7,190500.79,669.84,8971.14,15621.19,9025.71,11500.29,43.96,8436.93,42953.98,111384.09,631.44,47491.02,701.42,33770.92,219.75,7617.23,244769.85
2010/8,192833.34,669.84,9030.75,15583.11,9090.85,11472.87,43.96,7398.73,43541.38,110932.43,636.44,47179.63,716.1,34861.33,219.75,8036.39,246123.45
2010/9,195222.49,669.84,8918.28,15551.85,9136.4,11465.79,43.96,7675.26,46219.81,115100.53,639.62,44005.15,715.7,32458.79,219.75,9324.5,248683.87
2010/10,200640.26,669.84,8777.88,15551.85,9120.95,11443.54,43.96,7440.32,45449.35,120688.93,661.31,41671.81,701.69,34977.39,219.75,9318.36,253688.6
2010/11,203774.39,669.84,8289.57,15421.11,9318.35,11392.71,43.96,7543.82,46126.0,125648.25,669.36,41887.14,718.37,33190.77,219.75,7994.1,256453.74
2010/12,206766.71,669.84,7983.06,15421.11,9485.7,11325.81,24.99,7597.67,48646.02,136665.06,657.19,40497.23,720.08,24277.32,219.75,7592.23,259274.89
2011/1,211301.39,669.84,7986.03,15421.11,15912.63,11317.7,24.99,6355.1,63789.4,130295.08,898.59,38503.12,3878.57,26459.78,219.75,4944.5,268988.79
2011/2,213753.16,669.84,7976.56,15421.11,10478.06,11318.01,24.99,6408.32,52493.6,138736.32,1060.92,34903.59,4327.78,29133.15,219.75,5174.94,266050.05
2011/3,217476.46,669.84,8131.18,15404.83,9561.47,11318.75,24.99,6230.52,49272.52,143292.86,978.43,31160.33,4579.94,27289.03,219.75,12025.18,268818.05
2011/4,220472.74,669.84,8158.57,15404.83,9502.68,11314.14,24.99,6217.22,49450.6,143858.9,900.1,29624.84,5286.84,31588.08,219.75,10835.91,271765.01
2011/5,223606.82,669.84,7744.03,15404.83,9485.48,11255.51,24.99,6420.62,48646.0,147540.05,778.16,29296.52,5284.49,34274.82,219.75,8572.34,274612.12
2011/6,226386.73,669.84,7641.29,15404.83,9678.04,11253.94,24.99,7018.94,48815.89,154653.99,802.6,27266.12,4866.43,34542.09,219.75,6911.74,278078.61
2011/7,229159.78,669.84,7408.72,15404.83,9638.4,11248.83,24.99,7158.05,49335.11,153154.95,806.0,26234.13,4894.74,37963.93,219.75,8104.81,280713.44
2011/8,231459.72,669.84,7068.29,15399.73,9569.22,11248.9,24.99,7202.29,49959.41,155181.91,769.02,24608.56,4995.26,38799.59,219.75,8109.47,282642.97
2011/9,233853.55,669.84,6677.37,15399.73,9556.6,11244.81,24.99,7485.33,52203.22,160000.93,860.56,22451.01,4671.93,35711.77,219.75,8793.05,284912.22
2011/10,232960.15,669.84,6477.33,15399.73,12746.4,10753.98,24.99,6697.9,51058.43,161761.41,864.62,21465.41,3996.47,38789.93,219.75,7574.31,285730.32
2011/11,232699.35,669.84,6184.94,15399.73,10409.85,10749.15,24.99,6739.36,51724.16,164900.34,874.5,21442.97,3252.57,34128.48,219.75,6334.44,282877.21
2011/12,232388.73,669.84,4839.49,15399.73,10247.54,10643.97,24.99,6763.31,55850.07,168791.68,908.37,23336.66,2699.44,22733.66,219.75,6437.97,280977.6
2012/1,234139.1,669.84,4787.49,15399.73,22525.74,10711.39,24.99,6765.76,67739.73,169651.98,928.02,23227.88,2669.84,25076.57,219.75,5510.29,295024.05
2012/2,234769.61,669.84,4706.76,15399.73,10302.27,10636.56,24.99,6766.73,56359.54,166983.56,951.43,23109.24,2454.88,26811.49,219.75,6386.59,283276.49
2012/3,235799.52,669.84,4225.27,15349.06,10551.5,10635.08,24.99,6767.13,54378.61,172305.67,1106.94,21439.97,1846.58,23085.18,219.75,9639.68,284022.38
2012/4,235173.97,669.84,4139.48,15349.06,10793.07,10629.52,24.99,6771.8,54735.91,169629.74,1106.15,19668.53,1935.7,27360.66,219.75,8895.3,283551.73
2012/5,235159.32,669.84,4082.99,15349.06,11048.23,10630.07,24.99,6790.24,53507.82,168444.97,1153.54,18777.97,1961.14,29539.83,219.75,10149.71,283754.74
2012/6,235189.82,669.84,4118.63,15349.06,13303.72,10625.33,24.99,6789.65,54294.32,173756.53,1182.27,18690.9,1097.06,27550.26,219.75,9279.95,286071.05
2012/7,235221.27,669.84,4090.77,15313.69,11820.33,10625.94,24.99,6813.43,54407.42,171121.34,1239.82,17927.6,1036.16,30860.63,219.75,7767.55,284580.27
2012/8,235276.63,669.84,4109.25,15313.69,14336.45,10240.67,24.99,6003.44,55069.1,173418.25,1279.18,17811.73,1028.26,31177.96,219.75,5970.72,285974.95
2012/9,235297.01,669.84,4223.66,15313.69,17901.8,10233.95,24.99,5992.82,59177.8,176854.78,1297.06,17464.18,1241.52,28149.08,219.75,5253.58,289657.75
2012/10,235307.85,669.84,4127.35,15313.69,20443.37,10232.6,24.99,6184.73,56421.35,178094.61,1286.74,16798.06,1142.48,33145.25,219.75,5196.17,292304.42
2012/11,235203.83,669.84,4089.76,15313.69,16548.06,10229.1,24.99,7798.13,57410.47,177487.73,1333.84,15812.6,1149.6,31598.55,219.75,4864.85,289877.39
2012/12,236669.93,669.84,4077.13,15313.69,16701.08,10038.62,24.99,11041.91,60645.97,191699.2,1348.85,13880.0,1464.24,20753.27,219.75,4525.91,294537.19
2013/1,240184.99,669.84,7413.43,15313.69,14502.65,10038.4,24.99,9783.57,68818.55,184125.41,1253.92,13880.0,1000.06,23966.26,219.75,4667.61,297931.57
2013/2,243222.54,669.84,7384.94,15313.69,13002.97,10035.1,24.99,8521.32,67415.55,184549.71,1265.55,13880.0,1076.51,24473.34,219.75,5294.96,298175.38
2013/3,246103.34,669.84,7354.02,15313.69,11374.77,10025.94,24.99,8073.84,61330.87,192318.96,1349.94,13880.0,1295.98,22757.24,219.75,5787.7,298940.43
2013/4,248946.77,669.84,7296.17,15312.73,11649.89,10023.06,24.99,6877.4,60922.61,190587.96,1329.78,12830.0,1267.65,27647.64,219.75,5995.45,300800.84
2013/5,249959.64,669.84,7306.21,15312.73,11844.24,10022.82,24.99,7004.87,59636.61,189818.91,1327.1,11443.38,1220.51,32338.36,219.75,6140.72,302145.34
2013/6,249868.78,669.84,7315.33,15312.73,16182.04,10218.54,24.99,7148.84,59831.34,197945.13,1316.87,10381.79,1127.07,32329.99,219.75,3589.16,306741.1
2013/7,249887.92,669.84,7339.1,15312.73,16106.96,10217.05,24.99,7138.57,59663.68,194757.45,1310.73,9549.79,1162.07,36789.04,219.75,3244.65,306697.16
2013/8,250866.64,669.84,7345.21,15312.73,17108.11,10217.15,24.99,7381.23,60310.94,197005.76,1260.46,8246.42,1425.71,37140.37,219.75,3316.49,308925.9
2013/9,253548.68,669.84,7342.96,15312.73,16680.77,10242.23,24.99,7369.0,63041.13,200096.74,1268.28,7878.0,1817.84,34480.77,219.75,2388.69,311191.2
2013/10,258043.26,669.84,7334.06,15312.73,15543.31,10208.17,24.99,7380.94,61232.18,197174.96,1319.94,7772.0,1479.11,41163.0,219.75,4156.35,314517.3
2013/11,262036.62,669.84,7346.13,15312.73,15501.98,10207.13,24.99,7369.73,62059.05,198062.92,1314.26,7762.0,1875.83,41915.69,219.75,5259.65,318469.15
2013/12,264270.04,669.84,7293.66,15312.73,13147.9,8907.36,24.99,7652.04,64980.93,206042.17,1330.27,7762.0,2088.27,28610.6,219.75,6244.57,317278.55
2014/1,269215.34,669.84,7300.83,15312.73,21281.18,8838.07,24.99,8538.53,85752.96,201979.15,1273.47,7762,1975.68,28424.89,219.75,3793.62,331181.51
2014/2,270407.88,669.84,7325.35,15312.73,13136.94,8838.03,24.99,9303.99,69299.97,204697.51,1323.5,7762,1696.7,32401.35,219.75,7618.99,325019.77
2014/3,272149.14,669.84,7358.72,15312.73,12384.02,8818.02,24.99,9929.75,64815.75,209925.3,1365.61,7762,1998.79,28962.81,219.75,11597.18,326647.21
2014/4,272995.03,669.84,7373.89,15312.73,12973.33,8809.15,24.99,9921.3,64522.39,208440.7,1398.19,7762,1462.04,34977.18,219.75,9298.02,328080.26
2014/5,272998.64,669.84,7384.86,15312.73,13901.51,8809.15,24.99,9921.5,63694.15,210235.09,1445.93,7362,1330.31,36029.39,219.75,8706.61,329023.22
2014/6,272131.01,669.84,7368.65,15312.73,14556.64,8809.15,24.99,10825.59,63260.47,216638.19,1516.55,7132,1477.31,33282.98,219.75,6171.34,329698.6
2014/7,272128.62,669.84,7381.79,15312.73,14933.83,8789.78,25.31,10849.65,63096.17,213556.06,1586.07,6932,1348.45,38940.21,219.75,4412.85,330091.56
2014/8,272151.84,669.84,7362.35,15312.73,15455.89,8787.71,25.32,10868.54,63886.74,214070.65,1634.52,6922,1398.31,39135.42,219.75,3366.82,330634.21
2014/9,272017.91,669.84,7433.45,15312.73,21015.29,8731.65,25.3,11055.44,65544.74,219754.43,1661.73,6922,1964.0,36787.46,219.75,3407.5,336261.61
2014/10,272038.1,669.84,7313.83,15312.73,24116.15,8731.65,25.3,11077.36,63776.83,215605.33,1622.01,6522,1629.25,44548.9,219.75,5360.91,339284.97
2014/11,271970.42,669.84,7296.78,15312.73,25022.62,8731.65,25.29,11191.29,64500.85,215544.73,1610.9,6522,1481.9,45422.42,219.75,4918.07,340220.62
2014/12,270681.33,669.84,7271.68,15312.73,24985.27,7848.81,11.62,11467.5,67151.28,226941.74,1558.35,6522,1833.83,31275.33,219.75,2746.51,338248.79
2015/1,270688.81,669.84,7247.44,15312.73,25789.62,7848.81,11.66,11299.13,69461.11,218882.75,1505.38,6522,1561.64,37803.05,219.75,2912.37,338868.05
2015/2,270468.22,669.84,7257.21,15312.73,32422.43,7847.15,11.67,11421.56,82921.96,215752.46,1639.78,6522,1447.11,32344.83,219.75,4562.92,345410.82
2015/3,268160.81,669.84,7241.92,15312.73,31478.7,7847.15,41.3,11473.1,69078.1,226674.52,1729.0,6522,1405.32,29829.21,219.75,6767.64,342225.55
2015/4,267701.39,669.84,7245.29,15312.73,30600.44,7846.35,52.95,11459.29,67127.36,226002.11,1811.89,6522,1703.93,30667.92,219.75,6833.32,340888.28
2015/5,267321.89,669.84,7245.16,15312.73,30851.42,7846.35,56.94,11457.14,65265.1,222526.96,1741.57,6522,1647.31,32122.45,219.75,10716.33,340761.47
2015/6,267149.38,2094.73,7311.11,15312.73,23263.93,7696.35,55.01,14192.58,65111.9,223667.65,1692.29,6522,1465.51,32481.29,219.75,5915.43,337075.83
2015/7,264069.3,2135.9,7310.25,15312.73,22366.08,9696.35,55.04,14252.02,65067.61,218105.53,1709.55,6522,1453.85,36212.81,219.75,5906.57,335197.68
2015/8,260885.79,2173.11,1912.05,15312.73,29801.2,9696.35,57.49,13547.79,65583.79,218282.26,1812.96,6522,1623.62,33737.1,219.75,5605.01,333386.5
2015/9,258244.37,2207.71,1762.13,15312.73,25234.76,9696.55,57.28,13523.34,68454.85,211222.39,1843.4,6522,1649.93,31542.01,219.75,4584.55,326038.88
2015/10,258777.74,2240.93,1798.46,15312.73,25988.98,9696.55,61.39,13437.06,66071.6,209719.77,1808.54,6572,1855.42,36485.54,219.75,4581.23,327313.84
2015/11,255619.72,2287.09,2347.58,15312.73,27519.04,9696.15,72.04,13398.21,66935.43,204674.77,2341.42,6572,1606.8,39443.29,219.75,4459.1,326252.57
2015/12,248537.59,2329.54,2963.55,15312.73,26626.36,6656.59,71.74,15338.87,69885.95,206491.55,2826.42,6572,1807.28,27179.03,219.75,2855.0,317836.97
2016/1,242092.21,2367.35,3243.28,15312.73,52000.61,6656.59,71.46,15294.6,79395.44,211016.36,3110.7,6572,2689.44,31099.77,219.75,2935.38,337038.84
2016/2,239813.38,2393.38,5633.21,15312.73,52604.88,6654.59,71.66,13359.22,78394.41,212135.62,3682.53,6572,3579.0,29504.68,219.75,1755.08,335843.07
2016/3,238365.77,2416.61,5762.92,15312.73,44158.16,6654.59,72.1,13473.58,71352.51,212024.07,3909.69,6572,3827.75,27338.77,219.75,971.93,326216.46
2016/4,237821.82,2445.35,5989.4,15312.73,47361.98,6657.69,72.74,13427.18,70455.9,209092.53,4252.59,6572,3506.94,34093.48,219.75,895.7,329088.89
2016/5,237284.8,2445.35,6515.07,15312.73,48585.49,6657.69,73.76,13399.23,69038.25,210173.73,4509.83,6572,3526.56,34809.39,219.75,1424.61,330274.13
2016/6,236307.53,2487.73,6428.33,15274.09,57566.49,6657.69,74.74,13345.56,69030.85,220039.97,4759.53,6572,3881.51,31797.32,219.75,1841.23,338142.16
2016/7,234402.45,2502.08,6762.68,15274.09,56303.7,6657.69,74.31,13336.94,69247.92,214870.72,5052.05,3669,3633.56,35164.43,219.75,3456.53,335313.95
2016/8,232483.5,2516.27,7070.28,15274.09,56536.77,6657.69,75.16,13322.49,69714.12,215526.01,5350.06,1664,3538.16,32908.89,219.75,5015.25,333936.25
2016/9,229108.68,2530.43,7304.17,15274.09,61905.21,6657.69,71.69,12098.46,71920.48,218786.19,5712.91,764,3786.76,29920.44,219.75,3839.89,334950.43
2016/10,226430.04,2541.5,7469.68,15274.09,72549.51,6657.59,70.0,11065.63,70642.97,219492.12,5924.23,600,3730.79,37650.16,219.75,3798.03,342058.04
2016/11,222603.28,2541.5,7618.49,15274.09,77293.36,6657.9,70.92,7679.99,71303.82,220619.14,6246.1,500,3441.53,36166.56,219.75,1242.61,339739.52
2016/12,219425.26,2541.5,7829.01,15274.09,84739.02,6324.41,81.03,7497.26,74884.44,234095.17,6485.03,500,3195.07,25062.7,219.75,-730.58,343711.59
2017/1,217337.6,2541.5,5735.48,15274.09,91346.34,6316.41,79.57,9636.66,96762.57,211048.15,6724.75,500,1235.17,29971.11,219.75,1806.15,348267.65
2017/2,216756.41,2541.5,5589.95,15274.09,88464.46,6316.41,80.4,10446.42,79362.76,223326.41,6856.67,500,1246.15,31962.0,219.75,1995.92,345469.66
2017/3,216209.5,2541.5,5539.37,15274.09,80711.21,6316.41,117.31,10644.29,75246.61,227140.72,7744.24,500,1099.03,24025.62,219.75,1377.72,337353.68
2017/4,215789.52,2541.5,5480.88,15274.09,84560.93,6313.41,103.82,11232.7,74434.11,225029.51,8415.62,500,1274.18,28764.1,219.75,2659.57,341296.85
2017/5,215496.18,2541.5,5392.96,15274.09,85834.2,6313.41,98.94,11533.93,73746.18,225838.79,8772.3,500,829.56,30943.56,219.75,1635.09,342485.22
2017/6,215153.03,2541.5,5313.03,15274.09,85906.57,6318.41,97.13,14421.85,73268.68,230502.9,7596.84,0,1599.31,28112.9,219.75,3725.25,345025.62
2017/7,215106.56,2541.5,5139.43,15274.09,91383.16,6318.41,96.4,14750.55,73259.69,225838.33,7351.66,0,1152.03,38442.69,219.75,4345.96,350610.11
2017/8,215098.35,2541.5,4938.0,15274.09,86175.1,6318.41,94.75,16704.19,73817.22,228075.41,6383.99,0,1259.06,33119.78,219.75,4269.19,347144.4
2017/9,215106.85,2541.5,4941.02,15274.09,89148.68,6318.41,95.26,16570.75,76626.49,229417.71,6047.23,0,1025.47,31095.04,219.75,5564.88,349996.56
2017/10,215127.83,2541.5,4570.27,15274.09,97454.35,6318.41,89.45,17499.43,74544.86,230773.51,5701.48,0,1095.84,40791.54,219.75,5748.36,358875.34
2017/11,215151.52,2541.5,4291.54,15274.09,101125.5,6321.41,88.41,17679.9,74851.16,232213.39,5420.93,0,1243.26,41410.36,219.75,7115.04,362473.88
2017/12,214788.33,2541.5,3834.29,15274.09,102230.35,5986.62,101.95,18174.48,77073.58,244797.18,5019.23,0,880.0,28626.03,219.75,6315.84,362931.62
2018/1,214833.15,2541.5,3302.38,15274.09,97888.52,5986.62,99.03,17874.92,81557.19,225942.09,4492.57,0,1024.71,38144.22,219.75,6419.66,357800.2
2018/2,214873.66,2541.5,2953.87,15274.09,103154.71,5949.94,98.57,17681.82,91477.8,226810.91,4405.05,0,1005.51,32023.11,219.75,6586.02,362528.16
2018/3,214952.04,2541.5,2784.37,15274.09,99901.88,5949.94,35.65,18168.93,79452.59,241897.57,4168.46,0,928.59,26373.97,219.75,6567.48,359608.4
2018/4,215026.26,2541.5,2533.47,15274.09,93847.46,5949.94,57.64,17994.91,77626.23,229657.38,4001.42,0,1233.27,33433.49,219.75,7053.74,353225.27
2018/5,215117.7,2541.5,2509.75,15274.09,97160.5,5949.94,53.99,17541.98,75912.6,228574.47,3886.66,0,2741.2,37393.81,219.75,7420.95,356149.44
2018/6,215193.78,2541.5,2448.05,15274.09,103424.01,5947.94,54.37,17818.71,75657.75,242813.44,3746.5,0,1117.8,32041.47,219.75,7105.73,362702.44
2018/7,215301.95,2541.5,2286.37,15274.09,104707.06,5947.94,53.27,17170.79,75506.83,236350.85,3556.12,0,1199.4,39241.89,219.75,7208.14,363282.97
2018/8,215278.1,2541.5,2131.88,15274.09,104345.1,5953.63,40.39,17052.17,75744.16,235402.97,3486.6,0,1398.43,38843.2,219.75,7521.74,362616.86
2018/9,214084.15,2541.5,2184.89,15274.09,109333.36,5956.83,45.02,16809.91,78117.23,239801.11,3549.03,0,2049.55,34794.98,219.75,7698.09,366229.75
2018/10,213168.39,2541.5,2299.91,15250.24,102242.86,5956.83,49.11,16829.13,76487.06,221683.97,3695.12,0,2485.28,41704.54,219.75,12062.26,358337.97
2018/11,212597.09,2541.5,2441.82,15250.24,104023.8,4639.71,45.14,17530.63,76425.21,229413.81,3742.84,200,1316.33,37646.3,219.75,10105.7,359069.94
2018/12,212556.68,2569.79,2521.59,15250.24,111517.46,4642.6,27.84,23405.85,79145.5,251811.02,4016.33,200,1164.51,28224.74,219.75,7710.2,372492.06
2019/1,212544.54,2603.83,2614.85,15250.24,107056.45,4646.28,27.92,18527.7,95776.81,217459.41,4762.67,200,2050.67,35110.81,219.75,7691.69,363271.82
2019/2,212541.24,2632.43,2806.37,15250.24,100907.79,4657.79,27.53,17385.99,87532.25,216037.01,4545.32,315,1173.14,38516.63,219.75,7870.29,356209.39
2019/3,212536.65,2663.61,2909.41,15250.24,93667.54,4708.59,26.97,16789.62,81310.67,222400.36,4693.39,315,819.25,31407.14,219.75,7387.06,348552.63
2019/4,212528.04,2705.27,3012.08,15250.24,94096.0,4706.82,0.0,16293.97,79782.57,218988.48,4730.22,315,1276.85,36060.52,219.75,7219.03,348592.42
2019/5,212517.12,2750.95,3153.72,15250.24,100015.87,4691.63,0.0,20635.18,78415.47,225699.69,4333.81,415,1352.41,39345.27,219.75,9233.32,359014.72
2019/6,212455.2,2781.97,3284.76,15250.24,101860.31,4841.63,0.0,23121.16,78236.87,234849.12,4236.6,740,903.76,35682.52,219.75,8726.66,363595.27
2019/7,212448.12,2813.4,3419.04,15250.24,103111.63,5041.63,0.0,15868.8,78122.38,223138.07,4443.16,540,966.72,41754.33,219.75,8768.46,357952.87
2019/8,212364.4,2834.64,3601.12,15250.24,104771.98,5042.83,0.0,16487.69,78752.58,221568.18,4818.74,790,1127.73,41884.61,219.75,11191.31,360352.9
2019/9,212353.95,2855.63,3557.96,15250.24,106774.83,5167.63,0.0,16006.52,80217.69,225664.3,4775.23,940,1105.55,38526.8,219.75,10517.43,361966.76
2019/10,212347.97,2855.63,3525.43,15250.24,104373.95,5436.91,0.0,15850.34,78989.82,219850.84,4601.97,1000,1069.97,43657.73,219.75,10250.39,359640.48
2019/11,212336.16,2855.63,3466.77,15250.24,108157.72,5534.41,0.0,15474.43,79335.12,224672.4,4649.48,1010,1105.79,42063.57,219.75,10019.23,363075.36
2019/12,212317.26,2855.63,3465.84,15250.24,117748.86,4623.39,0.0,14869.26,82859.05,241315.9,4574.4,1020,841.77,32415.13,219.75,7884.49,371130.48
2020/1,212374.43,2855.63,3419.78,15250.24,120824.15,4740.84,0,14030.02,101156.76,220441.17,4715.86,1020,1136.57,36788.28,219.75,8016.7,373495.1
2020/2,212249.09,2855.63,3347.41,15250.24,108534.97,4741.95,0,14041.97,96497.29,212178.75,4613.64,995,934.72,37167.01,219.75,8415.11,361021.26
2020/3,212079.04,2855.63,3381.11,15250.24,113014.34,4734.95,0,14059.42,90750.94,227055.78,5016.28,985,1896.22,30775.31,219.75,8675.46,365374.74
2020/4,211914.83,2855.63,3540.24,15250.24,107996.43,4741.31,0,14048.99,88073.91,223614.34,5049.07,975,1185.14,32316.01,219.75,8914.45,360347.67
2020/5,211802.63,2855.63,3675.0,15250.24,115525.4,4746.85,0,14015.0,85688.28,223006.5,4958.09,975,1250.98,42277.88,219.75,9494.26,367870.74
2020/6,211742.47,2855.63,3734.49,15250.24,111618.6,4747.46,0,13982.4,85413.1,222925.45,4749.82,950,1198.45,38252.64,219.75,10222.08,363931.3
2020/7,211723.16,2855.63,3796.14,15250.24,106614.95,4762.43,0,12922.35,85166.78,212006.09,4876.51,950,1079.54,42557.88,219.75,11068.35,357924.9
2020/8,211684.91,2855.63,3821.39,15250.24,113772.74,4766.34,0,12901.04,85434.74,212735.26,5031.21,950,1137.83,47793.13,219.75,11750.36,365052.29
2020/9,211625.4,2855.63,3732.02,15250.24,123619.62,4741.61,0,12903.17,88063.47,227579.82,5292.63,950,1080.69,39774.34,219.75,11767.0,374727.69
2020/10,211577.49,2855.63,3752.09,15250.24,120745.14,4740.42,0,12891.7,86357.71,216022.68,5275.5,950,981.22,49894.37,219.75,12111.49,371812.72
2020/11,211636.8,2855.63,3716.98,15250.24,130987.49,4754.34,0,12787.85,86885.46,227633.09,5106.09,900,1010.06,47771.7,219.75,12463.19,381989.33
2020/12,211308.1,2855.63,3876.25,15250.24,133355.47,4447.14,0,16582.7,89823.29,240604.85,4881.82,900,929.67,38681.53,219.75,11634.63,387675.54
2021/1,211400.06,2855.63,3817.92,15250.24,132072.17,4431.82,0,19303.62,95834.6,220987.47,4643.44,900,1059.65,53529.47,219.75,11957.07,389131.46
2021/2,211634.89,2855.63,4838.29,15250.24,124384.38,4450.66,0,19679.08,99828.72,221727.56,4907.13,1000,1055.81,42405.69,219.75,11948.5,383093.17
2021/3,211553.27,2855.63,4805.08,15250.24,124657.22,4427.26,0,19224.06,92459.49,234496.67,4947.74,900,1038.8,36719.33,219.75,11990.98,382772.77
2021/4,211727.11,2855.63,4539.9,15250.24,124490.83,4409.74,0,19042.01,91050.15,227627.84,5155.65,900,1119.94,43754.83,219.75,12487.31,382315.47
2021/5,211939.84,2855.63,4469.77,15250.24,129186.71,4351.67,0,18862.92,89384.75,231312.5,4488.76,950,1028.39,47239.93,219.75,12292.69,386916.77
2021/6,212130.2,2855.63,5519.85,15250.24,130900.47,4354.48,0,18886.49,89614.1,234880.04,5719.08,900,942.49,45666.43,219.75,11955.47,389897.36
2021/7,212143.63,2855.63,5410.31,15250.24,121611.82,4342.61,0,18887.38,89677.16,220929.97,5406.47,900,964.63,50061.74,219.75,12341.91,380501.62
2021/8,212123.55,2855.63,8277.75,15250.24,120568.13,4341.99,0,16070.19,90108.63,217329.46,5294.08,950,1083.46,51111.3,219.75,13390.77,379487.47
2021/9,212145.89,2855.63,8228.87,15250.24,132450.49,4148.68,0,16893.85,92426.82,231914.41,5192.75,950,1357.8,46143.39,219.75,13768.72,391973.65
2021/10,212255.05,2855.63,8151.7,15240.68,133073.72,4151.97,0,19190.6,91301.57,223660.97,4790.07,950,1156.13,57236.26,219.75,15604.6,394919.35
2021/11,212609.4,2855.63,8173.97,15240.68,129928.43,4128.46,0,20177.69,92595.84,225214.39,4821.12,950,1415.67,52963.28,219.75,14934.21,393114.26
2021/12,212867.2,2855.63,9380.0,15240.68,128645.47,4125.22,0,22588.05,96164.8,233322.53,6053.4,950,998.21,42931.68,219.75,15061.88,395702.25
2022/1,213200.55,2855.63,9640.0,15240.68,134700.09,4112.28,0,23376.0,111876.69,219320.61,6040.61,950,1036.28,49781.39,219.75,13899.89,403125.23
2022/2,213262.43,2855.63,9718.25,15240.68,137638.35,4114.28,0,23399.38,104182.46,224466.22,6918.2,950,1633.74,54659.49,219.75,13199.15,406229.0
2022/3,213494.82,2855.63,9851.87,15240.68,129348.52,4118.03,0,23816.35,100737.77,234720.56,7090.1,950,1188.03,42002.79,219.75,11816.88,398725.89
2022/4,213318.52,2855.63,10093.45,15240.68,120160.2,4119.28,0,23548.27,100856.54,225966.9,7321.34,950,1186.55,43329.6,219.75,9505.35,389336.03
2022/5,213228.67,2855.63,9393.26,15240.68,119480.95,1770.79,0,23349.79,100710.16,224375.2,6446.57,950,1293.58,46413.92,219.75,4910.57,385319.77
2022/6,213187.48,2855.63,9322.73,15240.68,126805.26,1743.96,0,23398.86,101228.76,233023.13,6441.4,950,1312.63,45748.0,219.75,3630.93,392554.6
2022/7,213179.97,2855.63,9579.18,15240.68,119635.4,1742.6,0,23394.0,101513.24,222684.05,6025.74,950,1553.83,50123.39,219.75,2557.47,385627.47
2022/8,213157.68,2855.63,9562.37,15240.68,117690.14,1745.62,0,24390.16,102295.88,223328.21,6273.57,950,1537.76,47047.66,219.75,2989.46,384642.28
2022/9,213127.04,2855.63,8457.0,15240.68,128810.82,1754.61,0,27156.48,104051.11,237780.52,5315.85,950,1465.69,43738.05,219.75,3881.28,397402.27
2022/10,213137.49,2855.63,8743.54,15240.68,129059.88,1569.33,0,28264.71,103575.52,229377.98,4963.83,950,1686.47,53509.52,219.75,4588.18,398871.25
2022/11,213773.49,2985.1,9054.88,15240.68,129030.57,1555.92,0,29886.98,104835.63,229970.03,5163.92,950,1718.39,52363.28,219.75,6306.62,401527.62
2022/12,214712.28,3106.57,9087.71,15240.68,143132.29,1557.0,0,29947.25,110012.57,250943.46,5208.41,950,1574.47,41272.91,219.75,6602.21,416783.78
